CrimeDateTime,CrimeCode,Description,Inside_Outside,New_District,Latitude,Longitude,DayOfWeek,CrimeHour,DateTime,temp,feels_like,wind_speed,humidity,clouds_all,weather_id,weather_description,WeatherHour
2024-11-06 03:00:00,1A,HOMICIDE,O,NORTHERN,39.317807,-76.6198,Wednesday,2024-11-06 03:00:00,2024-11-06 03:00:00,64.49,64.72,13.0,87,63,803,broken clouds,2024-11-06 03:00:00
2024-11-06 04:20:00,3C,ROBBERY - COMMERCIAL,I,NORTHERN,39.32458,-76.617346,Wednesday,2024-11-06 04:00:00,2024-11-06 04:00:00,64.09,64.29,13.42,87,58,803,broken clouds,2024-11-06 04:00:00
2024-11-06 04:20:00,3A,ROBBERY,I,NORTHERN,39.32458,-76.617346,Wednesday,2024-11-06 04:00:00,2024-11-06 04:00:00,64.09,64.29,13.42,87,58,803,broken clouds,2024-11-06 04:00:00
2024-11-06 09:30:00,4A,AGG. ASSAULT - GUN,O,NORTHEAST,39.328551,-76.600495,Wednesday,2024-11-06 09:00:00,2024-11-06 09:00:00,62.33,62.26,12.55,85,2,800,sky is clear,2024-11-06 09:00:00
2024-11-06 10:00:00,6G,LARCENY- FROM BLDG. ,O,EASTERN,39.317706,-76.619102,Wednesday,2024-11-06 10:00:00,2024-11-06 10:00:00,61.92,61.81,11.39,85,0,800,sky is clear,2024-11-06 10:00:00
2024-11-06 10:57:00,6J,LARCENY- OTHER      ,I,NORTHERN,39.328477,-76.611003,Wednesday,2024-11-06 10:00:00,2024-11-06 10:00:00,61.92,61.81,11.39,85,0,800,sky is clear,2024-11-06 10:00:00
2024-11-06 11:10:00,5A,BURGLARY,I,WESTERN,39.30918,-76.64487,Wednesday,2024-11-06 11:00:00,2024-11-06 11:00:00,61.92,61.84,10.54,86,1,800,sky is clear,2024-11-06 11:00:00
2024-11-06 11:41:00,4E,COMMON ASSAULT,I,WESTERN,39.314289,-76.647788,Wednesday,2024-11-06 11:00:00,2024-11-06 11:00:00,61.92,61.84,10.54,86,1,800,sky is clear,2024-11-06 11:00:00
2024-11-06 13:30:00,4E,COMMON ASSAULT,I,EASTERN,39.317807,-76.593977,Wednesday,2024-11-06 13:00:00,2024-11-06 13:00:00,63.36,63.43,9.95,86,5,800,sky is clear,2024-11-06 13:00:00
2024-11-06 13:30:00,4E,COMMON ASSAULT,I,EASTERN,39.317807,-76.593977,Wednesday,2024-11-06 13:00:00,2024-11-06 13:00:00,63.36,63.43,9.95,86,5,800,sky is clear,2024-11-06 13:00:00
2024-11-06 14:54:00,4A,AGG. ASSAULT - GUN,O,NORTHERN,39.32990735438914,-76.60625581978128,Wednesday,2024-11-06 14:00:00,2024-11-06 14:00:00,68.36,68.56,3.0,78,0,800,sky is clear,2024-11-06 14:00:00
2024-11-06 16:30:00,3A,ROBBERY,I,NORTHERN,39.326975,-76.616072,Wednesday,2024-11-06 16:00:00,2024-11-06 16:00:00,75.56,75.83,10.33,64,7,800,sky is clear,2024-11-06 16:00:00
2024-11-06 16:30:00,3C,ROBBERY - COMMERCIAL,I,NORTHERN,39.326975,-76.616072,Wednesday,2024-11-06 16:00:00,2024-11-06 16:00:00,75.56,75.83,10.33,64,7,800,sky is clear,2024-11-06 16:00:00
2024-11-06 16:30:00,6C,LARCENY- SHOPLIFTING,I,EASTERN,39.316408,-76.616826,Wednesday,2024-11-06 16:00:00,2024-11-06 16:00:00,75.56,75.83,10.33,64,7,800,sky is clear,2024-11-06 16:00:00
2024-11-06 17:00:00,6J,LARCENY- OTHER      ,I,EASTERN,39.316408,-76.616826,Wednesday,2024-11-06 17:00:00,2024-11-06 17:00:00,79.0,79.0,1.01,58,55,803,broken clouds,2024-11-06 17:00:00
2024-11-06 20:13:00,6C,LARCENY- SHOPLIFTING,I,NORTHERN,39.326908,-76.609338,Wednesday,2024-11-06 20:00:00,2024-11-06 20:00:00,81.14,82.67,3.0,56,76,501,moderate rain,2024-11-06 20:00:00
2024-11-06 22:00:00,7A,AUTO THEFT,O,NORTHERN,39.340945,-76.604383,Wednesday,2024-11-06 22:00:00,2024-11-06 22:00:00,78.46,78.82,7.43,60,84,501,moderate rain,2024-11-06 22:00:00
2024-11-06 22:00:00,6F,LARCENY FROM AUTO,O,NORTHERN,39.340552,-76.603604,Wednesday,2024-11-06 22:00:00,2024-11-06 22:00:00,78.46,78.82,7.43,60,84,501,moderate rain,2024-11-06 22:00:00
2024-11-07 01:19:00,8A,ARSON,O,WESTERN,39.31246996284077,-76.63432386008724,Thursday,2024-11-07 01:00:00,2024-11-07 01:00:00,68.86,69.21,7.63,80,69,803,broken clouds,2024-11-07 01:00:00
2024-11-07 02:25:00,4A,AGG. ASSAULT - GUN,O,EASTERN,39.315324,-76.616898,Thursday,2024-11-07 02:00:00,2024-11-07 02:00:00,69.19,69.57,8.86,80,72,803,broken clouds,2024-11-07 02:00:00
2024-11-07 03:35:00,6C,LARCENY- SHOPLIFTING,I,NORTHERN,39.332177,-76.628007,Thursday,2024-11-07 03:00:00,2024-11-07 03:00:00,68.54,69.04,8.75,84,100,804,overcast clouds,2024-11-07 03:00:00
2024-11-07 08:00:00,4E,COMMON ASSAULT,O,EASTERN,39.314324,-76.597731,Thursday,2024-11-07 08:00:00,2024-11-07 08:00:00,68.95,69.31,6.26,80,93,804,overcast clouds,2024-11-07 08:00:00
2024-11-07 10:20:00,6J,LARCENY- OTHER      ,I,NORTHERN,39.323723,-76.627794,Thursday,2024-11-07 10:00:00,2024-11-07 10:00:00,62.37,62.58,4.63,91,95,804,overcast clouds,2024-11-07 10:00:00
2024-11-07 11:00:00,6J,LARCENY- OTHER      ,I,WESTERN,39.311985,-76.637305,Thursday,2024-11-07 11:00:00,2024-11-07 11:00:00,61.92,61.99,3.0,89,99,804,overcast clouds,2024-11-07 11:00:00
2024-11-07 12:27:00,6J,LARCENY- OTHER      ,I,NORTHERN,39.319944,-76.624029,Thursday,2024-11-07 12:00:00,2024-11-07 12:00:00,62.1,62.42,4.12,94,91,804,overcast clouds,2024-11-07 12:00:00
2024-11-07 13:30:00,4E,COMMON ASSAULT,O,WESTERN,39.310078,-76.643428,Thursday,2024-11-07 13:00:00,2024-11-07 13:00:00,63.91,64.33,4.45,92,71,803,broken clouds,2024-11-07 13:00:00
2024-11-07 13:30:00,4A,AGG. ASSAULT - GUN,O,NORTHERN,39.327112,-76.629084,Thursday,2024-11-07 13:00:00,2024-11-07 13:00:00,63.91,64.33,4.45,92,71,803,broken clouds,2024-11-07 13:00:00
2024-11-07 14:15:00,4E,COMMON ASSAULT,I,NORTHERN,39.342406,-76.604508,Thursday,2024-11-07 14:00:00,2024-11-07 14:00:00,74.25,74.75,5.01,72,61,803,broken clouds,2024-11-07 14:00:00
2024-11-07 15:30:00,6F,LARCENY FROM AUTO,O,EASTERN,39.314585,-76.606509,Thursday,2024-11-07 15:00:00,2024-11-07 15:00:00,75.92,76.46,7.0,69,72,501,moderate rain,2024-11-07 15:00:00
2024-11-07 15:40:00,4A,AGG. ASSAULT - GUN,I,NORTHERN,39.318847,-76.618343,Thursday,2024-11-07 15:00:00,2024-11-07 15:00:00,75.92,76.46,7.0,69,72,501,moderate rain,2024-11-07 15:00:00
2024-11-07 15:40:00,4E,COMMON ASSAULT,I,NORTHERN,39.318847,-76.618343,Thursday,2024-11-07 15:00:00,2024-11-07 15:00:00,75.92,76.46,7.0,69,72,501,moderate rain,2024-11-07 15:00:00
2024-11-07 17:15:00,4E,COMMON ASSAULT,I,NORTHERN,39.32736,-76.609493,Thursday,2024-11-07 17:00:00,2024-11-07 17:00:00,78.19,78.39,1.99,57,39,501,moderate rain,2024-11-07 17:00:00
2024-11-07 17:15:00,6J,LARCENY- OTHER      ,I,EASTERN,39.308892,-76.61634,Thursday,2024-11-07 17:00:00,2024-11-07 17:00:00,78.19,78.39,1.99,57,39,501,moderate rain,2024-11-07 17:00:00
2024-11-07 19:00:00,4E,COMMON ASSAULT,O,WESTERN,39.31389229978799,-76.64568460340008,Thursday,2024-11-07 19:00:00,2024-11-07 19:00:00,77.23,77.23,4.0,55,90,501,moderate rain,2024-11-07 19:00:00
2024-11-07 20:30:00,6J,LARCENY- OTHER      ,I,NORTHERN,39.322086,-76.622183,Thursday,2024-11-07 20:00:00,2024-11-07 20:00:00,76.3,76.03,4.0,51,87,500,light rain,2024-11-07 20:00:00
2024-11-07 22:13:00,5A,BURGLARY,I,EASTERN,39.327241,-76.594575,Thursday,2024-11-07 22:00:00,2024-11-07 22:00:00,71.64,71.13,3.0,56,34,502,heavy intensity rain,2024-11-07 22:00:00
2024-11-07 23:40:00,4A,AGG. ASSAULT - GUN,O,NORTHERN,39.328477,-76.611003,Thursday,2024-11-07 23:00:00,2024-11-07 23:00:00,68.58,67.82,1.01,57,6,501,moderate rain,2024-11-07 23:00:00
2024-11-08 01:30:00,6J,LARCENY- OTHER      ,I,NORTHERN,39.340273,-76.609476,Friday,2024-11-08 01:00:00,2024-11-08 01:00:00,64.36,63.37,1.01,61,3,800,sky is clear,2024-11-08 01:00:00
2024-11-08 02:30:00,4E,COMMON ASSAULT,I,NORTHERN,39.326987,-76.6158,Friday,2024-11-08 02:00:00,2024-11-08 02:00:00,61.95,60.8,1.01,63,0,800,sky is clear,2024-11-08 02:00:00
2024-11-08 08:00:00,7A,AUTO THEFT,I,EASTERN,39.319512,-76.59716,Friday,2024-11-08 08:00:00,2024-11-08 08:00:00,51.26,50.09,7.63,85,55,803,broken clouds,2024-11-08 08:00:00
2024-11-08 09:30:00,5A,BURGLARY,I,NORTHERN,39.323695,-76.615689,Friday,2024-11-08 09:00:00,2024-11-08 09:00:00,51.26,50.09,6.96,85,46,802,scattered clouds,2024-11-08 09:00:00
2024-11-08 09:30:00,5A,BURGLARY,I,NORTHERN,39.323695,-76.615689,Friday,2024-11-08 09:00:00,2024-11-08 09:00:00,51.26,50.09,6.96,85,46,802,scattered clouds,2024-11-08 09:00:00
2024-11-08 11:00:00,5A,BURGLARY,I,EASTERN,39.311011,-76.615658,Friday,2024-11-08 11:00:00,2024-11-08 11:00:00,48.16,46.76,3.98,85,15,801,few clouds,2024-11-08 11:00:00
2024-11-08 11:10:00,4E,COMMON ASSAULT,I,WESTERN,39.311385,-76.643966,Friday,2024-11-08 11:00:00,2024-11-08 11:00:00,48.16,46.76,3.98,85,15,801,few clouds,2024-11-08 11:00:00
2024-11-08 11:10:00,4E,COMMON ASSAULT,I,WESTERN,39.311385,-76.643966,Friday,2024-11-08 11:00:00,2024-11-08 11:00:00,48.16,46.76,3.98,85,15,801,few clouds,2024-11-08 11:00:00
2024-11-08 11:10:00,4E,COMMON ASSAULT,I,WESTERN,39.311385,-76.643966,Friday,2024-11-08 11:00:00,2024-11-08 11:00:00,48.16,46.76,3.98,85,15,801,few clouds,2024-11-08 11:00:00
2024-11-08 14:00:00,3A,ROBBERY,O,NORTHERN,39.320978,-76.609548,Friday,2024-11-08 14:00:00,2024-11-08 14:00:00,60.87,59.49,1.01,60,0,800,sky is clear,2024-11-08 14:00:00
2024-11-08 22:00:00,5A,BURGLARY,I,NORTHERN,39.330548,-76.631122,Friday,2024-11-08 22:00:00,2024-11-08 22:00:00,67.93,65.82,4.0,30,0,800,sky is clear,2024-11-08 22:00:00
2024-11-08 23:50:00,7A,AUTO THEFT,O,WESTERN,39.315184,-76.646149,Friday,2024-11-08 23:00:00,2024-11-08 23:00:00,65.17,62.89,11.56,32,0,800,sky is clear,2024-11-08 23:00:00
2024-11-09 00:00:00,6F,LARCENY FROM AUTO,O,NORTHERN,39.349854,-76.60888,Saturday,2024-11-09 00:00:00,2024-11-09 00:00:00,63.97,61.61,1.01,33,0,800,sky is clear,2024-11-09 00:00:00
2024-11-09 03:05:00,7A,AUTO THEFT,O,WESTERN,39.309608,-76.632676,Saturday,2024-11-09 03:00:00,2024-11-09 03:00:00,59.97,57.36,1.01,36,8,800,sky is clear,2024-11-09 03:00:00
2024-11-09 07:00:00,6J,LARCENY- OTHER      ,I,NORTHERN,39.331430005529626,-76.63225998013851,Saturday,2024-11-09 07:00:00,2024-11-09 07:00:00,51.58,49.08,1.99,56,0,800,sky is clear,2024-11-09 07:00:00
2024-11-09 07:30:00,4A,AGG. ASSAULT - GUN,O,EASTERN,39.31291,-76.59534,Saturday,2024-11-09 07:00:00,2024-11-09 07:00:00,51.58,49.08,1.99,56,0,800,sky is clear,2024-11-09 07:00:00
2024-11-09 10:30:00,7A,AUTO THEFT,O,NORTHERN,39.33539015981515,-76.62591324173259,Saturday,2024-11-09 10:00:00,2024-11-09 10:00:00,47.57,45.36,5.01,61,0,800,sky is clear,2024-11-09 10:00:00
2024-11-09 11:45:00,7A,AUTO THEFT,O,NORTHERN,39.351639,-76.609017,Saturday,2024-11-09 11:00:00,2024-11-09 11:00:00,47.08,47.08,1.99,51,0,800,sky is clear,2024-11-09 11:00:00
2024-11-09 14:15:00,6J,LARCENY- OTHER      ,I,NORTHERN,39.326034,-76.614679,Saturday,2024-11-09 14:00:00,2024-11-09 14:00:00,50.5,47.14,1.01,40,0,800,sky is clear,2024-11-09 14:00:00
2024-11-09 14:25:00,4E,COMMON ASSAULT,I,NORTHEAST,39.336649,-76.602043,Saturday,2024-11-09 14:00:00,2024-11-09 14:00:00,50.5,47.14,1.01,40,0,800,sky is clear,2024-11-09 14:00:00
2024-11-09 14:30:00,4A,AGG. ASSAULT - GUN,I,NORTHERN,39.325382,-76.607497,Saturday,2024-11-09 14:00:00,2024-11-09 14:00:00,50.5,47.14,1.01,40,0,800,sky is clear,2024-11-09 14:00:00
2024-11-09 15:30:00,6J,LARCENY- OTHER      ,I,NORTHERN,39.337532,-76.634497,Saturday,2024-11-09 15:00:00,2024-11-09 15:00:00,52.92,49.6,1.99,36,0,800,sky is clear,2024-11-09 15:00:00
2024-11-09 15:40:00,3A,ROBBERY,O,NORTHERN,39.324635,-76.614739,Saturday,2024-11-09 15:00:00,2024-11-09 15:00:00,52.92,49.6,1.99,36,0,800,sky is clear,2024-11-09 15:00:00
2024-11-09 16:45:00,4A,AGG. ASSAULT - GUN,I,WESTERN,39.310713,-76.634338,Saturday,2024-11-09 16:00:00,2024-11-09 16:00:00,53.67,50.29,4.0,33,0,800,sky is clear,2024-11-09 16:00:00
2024-11-09 18:00:00,5A,BURGLARY,I,EASTERN,39.316787,-76.596226,Saturday,2024-11-09 18:00:00,2024-11-09 18:00:00,58.28,55.13,1.01,28,0,800,sky is clear,2024-11-09 18:00:00
2024-11-09 18:18:00,4E,COMMON ASSAULT,O,NORTHERN,39.349965,-76.612419,Saturday,2024-11-09 18:00:00,2024-11-09 18:00:00,58.28,55.13,1.01,28,0,800,sky is clear,2024-11-09 18:00:00
2024-11-09 21:30:00,6J,LARCENY- OTHER      ,I,NORTHERN,39.330404,-76.633532,Saturday,2024-11-09 21:00:00,2024-11-09 21:00:00,57.72,54.55,1.01,29,77,803,broken clouds,2024-11-09 21:00:00
2024-11-09 22:15:00,3A,ROBBERY,O,NORTHERN,39.326369,-76.608007,Saturday,2024-11-09 22:00:00,2024-11-09 22:00:00,54.14,50.85,3.04,34,70,803,broken clouds,2024-11-09 22:00:00
2024-11-09 23:30:00,4A,AGG. ASSAULT - GUN,I,NORTHERN,39.34784,-76.609251,Saturday,2024-11-09 23:00:00,2024-11-09 23:00:00,49.23,47.75,4.32,49,87,804,overcast clouds,2024-11-09 23:00:00
2024-11-10 02:45:00,4A,AGG. ASSAULT - GUN,I,NORTHERN,39.345167,-76.625285,Sunday,2024-11-10 02:00:00,2024-11-10 02:00:00,44.51,42.73,3.76,52,21,801,few clouds,2024-11-10 02:00:00
2024-11-10 06:30:00,4E,COMMON ASSAULT,I,NORTHERN,39.330688,-76.615028,Sunday,2024-11-10 06:00:00,2024-11-10 06:00:00,38.28,33.78,5.91,64,100,804,overcast clouds,2024-11-10 06:00:00
2024-11-10 08:30:00,6G,LARCENY- FROM BLDG. ,O,WESTERN,39.311491,-76.641539,Sunday,2024-11-10 08:00:00,2024-11-10 08:00:00,39.81,35.24,6.46,68,100,804,overcast clouds,2024-11-10 08:00:00
2024-11-10 14:00:00,6J,LARCENY- OTHER      ,I,EASTERN,39.31003965911196,-76.61889506120255,Sunday,2024-11-10 14:00:00,2024-11-10 14:00:00,47.17,43.09,8.57,64,100,804,overcast clouds,2024-11-10 14:00:00
2024-11-10 16:00:00,6J,LARCENY- OTHER      ,I,NORTHERN,39.320932,-76.607938,Sunday,2024-11-10 16:00:00,2024-11-10 16:00:00,52.38,50.09,1.99,59,100,804,overcast clouds,2024-11-10 16:00:00
2024-11-10 18:30:00,6F,LARCENY FROM AUTO,O,WESTERN,39.30909253959201,-76.62642993989068,Sunday,2024-11-10 18:00:00,2024-11-10 18:00:00,56.05,53.98,1.01,56,100,804,overcast clouds,2024-11-10 18:00:00
2024-11-10 20:30:00,4A,AGG. ASSAULT - GUN,I,NORTHERN,39.330688,-76.615028,Sunday,2024-11-10 20:00:00,2024-11-10 20:00:00,58.48,56.75,1.99,58,99,804,overcast clouds,2024-11-10 20:00:00
2024-11-10 20:30:00,4A,AGG. ASSAULT - GUN,I,NORTHERN,39.330688,-76.615028,Sunday,2024-11-10 20:00:00,2024-11-10 20:00:00,58.48,56.75,1.99,58,99,804,overcast clouds,2024-11-10 20:00:00
2024-11-10 23:00:00,7A,AUTO THEFT,O,NORTHERN,39.330627,-76.605195,Sunday,2024-11-10 23:00:00,2024-11-10 23:00:00,56.28,55.04,1.99,73,100,500,light rain,2024-11-10 23:00:00
2024-11-10 23:26:00,5A,BURGLARY,I,EASTERN,39.311163,-76.611584,Sunday,2024-11-10 23:00:00,2024-11-10 23:00:00,56.28,55.04,1.99,73,100,500,light rain,2024-11-10 23:00:00
2024-11-11 00:45:00,4E,COMMON ASSAULT,I,NORTHERN,39.322706,-76.606757,Monday,2024-11-11 00:00:00,2024-11-11 00:00:00,54.21,53.24,3.0,83,100,500,light rain,2024-11-11 00:00:00
2024-11-11 00:45:00,4E,COMMON ASSAULT,I,NORTHERN,39.322706,-76.606757,Monday,2024-11-11 00:00:00,2024-11-11 00:00:00,54.21,53.24,3.0,83,100,500,light rain,2024-11-11 00:00:00
2024-11-11 02:44:00,3A,ROBBERY,O,NORTHERN,39.335825,-76.618229,Monday,2024-11-11 02:00:00,2024-11-11 02:00:00,53.46,52.88,1.01,93,100,501,moderate rain,2024-11-11 02:00:00
2024-11-11 03:15:00,3A,ROBBERY,O,NORTHERN,39.328515,-76.61009,Monday,2024-11-11 03:00:00,2024-11-11 03:00:00,54.23,53.82,1.99,95,100,500,light rain,2024-11-11 03:00:00
2024-11-11 05:00:00,3A,ROBBERY,O,NORTHEAST,39.337127,-76.59907,Monday,2024-11-11 05:00:00,2024-11-11 05:00:00,55.4,55.0,1.01,93,100,500,light rain,2024-11-11 05:00:00
2024-11-11 05:00:00,4E,COMMON ASSAULT,I,NORTHERN,39.320785,-76.618628,Monday,2024-11-11 05:00:00,2024-11-11 05:00:00,55.4,55.0,1.01,93,100,500,light rain,2024-11-11 05:00:00
2024-11-11 06:30:00,3C,ROBBERY - COMMERCIAL,I,NORTHERN,39.33748,-76.634275,Monday,2024-11-11 06:00:00,2024-11-11 06:00:00,56.17,55.96,1.01,95,100,501,moderate rain,2024-11-11 06:00:00
2024-11-11 06:30:00,3A,ROBBERY,I,NORTHERN,39.33748,-76.634275,Monday,2024-11-11 06:00:00,2024-11-11 06:00:00,56.17,55.96,1.01,95,100,501,moderate rain,2024-11-11 06:00:00
2024-11-11 07:05:00,6C,LARCENY- SHOPLIFTING,O,NORTHERN,39.328548,-76.609361,Monday,2024-11-11 07:00:00,2024-11-11 07:00:00,56.3,56.1,1.01,95,100,501,moderate rain,2024-11-11 07:00:00
2024-11-11 08:00:00,7A,AUTO THEFT,O,NORTHERN,39.341893,-76.631985,Monday,2024-11-11 08:00:00,2024-11-11 08:00:00,57.36,57.27,4.0,95,100,501,moderate rain,2024-11-11 08:00:00
2024-11-11 13:00:00,5A,BURGLARY,I,EASTERN,39.308532,-76.596303,Monday,2024-11-11 13:00:00,2024-11-11 13:00:00,58.46,58.37,1.01,93,46,802,scattered clouds,2024-11-11 13:00:00
2024-11-11 13:30:00,7A,AUTO THEFT,I,NORTHERN,39.339603,-76.614343,Monday,2024-11-11 13:00:00,2024-11-11 13:00:00,58.46,58.37,1.01,93,46,802,scattered clouds,2024-11-11 13:00:00
2024-11-11 14:00:00,6G,LARCENY- FROM BLDG. ,O,NORTHERN,39.336781,-76.636845,Monday,2024-11-11 14:00:00,2024-11-11 14:00:00,62.02,62.06,1.99,88,21,801,few clouds,2024-11-11 14:00:00
2024-11-11 14:15:00,3A,ROBBERY,O,NORTHERN,39.328548,-76.609361,Monday,2024-11-11 14:00:00,2024-11-11 14:00:00,62.02,62.06,1.99,88,21,801,few clouds,2024-11-11 14:00:00
2024-11-11 18:53:00,3C,ROBBERY - COMMERCIAL,O,EASTERN,39.323917,-76.594772,Monday,2024-11-11 18:00:00,2024-11-11 18:00:00,73.29,72.57,4.0,48,13,801,few clouds,2024-11-11 18:00:00
2024-11-11 18:53:00,3BJ,ROBBERY - CARJACKING,O,EASTERN,39.323917,-76.594772,Monday,2024-11-11 18:00:00,2024-11-11 18:00:00,73.29,72.57,4.0,48,13,801,few clouds,2024-11-11 18:00:00
2024-11-11 19:06:00,4E,COMMON ASSAULT,I,WESTERN,39.309083,-76.64717,Monday,2024-11-11 19:00:00,2024-11-11 19:00:00,74.79,74.03,7.0,44,16,801,few clouds,2024-11-11 19:00:00
2024-11-11 19:30:00,7A,AUTO THEFT,O,EASTERN,39.31609,-76.593474,Monday,2024-11-11 19:00:00,2024-11-11 19:00:00,74.79,74.03,7.0,44,16,801,few clouds,2024-11-11 19:00:00
2024-11-11 20:50:00,6C,LARCENY- SHOPLIFTING,I,NORTHERN,39.326975,-76.616072,Monday,2024-11-11 20:00:00,2024-11-11 20:00:00,74.03,73.15,4.0,43,9,800,sky is clear,2024-11-11 20:00:00
2024-11-11 21:15:00,6C,LARCENY- SHOPLIFTING,I,NORTHERN,39.351817,-76.60983,Monday,2024-11-11 21:00:00,2024-11-11 21:00:00,73.35,72.16,3.0,38,7,800,sky is clear,2024-11-11 21:00:00
2024-11-11 22:30:00,5A,BURGLARY,I,NORTHERN,39.318789,-76.622819,Monday,2024-11-11 22:00:00,2024-11-11 22:00:00,69.19,67.87,4.68,44,5,800,sky is clear,2024-11-11 22:00:00
2024-11-11 22:30:00,6F,LARCENY FROM AUTO,O,NORTHERN,39.33354,-76.605535,Monday,2024-11-11 22:00:00,2024-11-11 22:00:00,69.19,67.87,4.68,44,5,800,sky is clear,2024-11-11 22:00:00
2024-11-11 22:30:00,3A,ROBBERY,O,NORTHERN,39.332773,-76.6046,Monday,2024-11-11 22:00:00,2024-11-11 22:00:00,69.19,67.87,4.68,44,5,800,sky is clear,2024-11-11 22:00:00
2024-11-12 03:58:00,5A,BURGLARY,O,NORTHERN,39.34228,-76.609662,Tuesday,2024-11-12 03:00:00,2024-11-12 03:00:00,61.05,59.49,5.01,56,0,800,sky is clear,2024-11-12 03:00:00
2024-11-12 13:24:00,6C,LARCENY- SHOPLIFTING,I,NORTHERN,39.351817,-76.60983,Tuesday,2024-11-12 13:00:00,2024-11-12 13:00:00,51.17,48.72,1.01,58,0,800,sky is clear,2024-11-12 13:00:00
2024-11-12 13:38:00,4A,AGG. ASSAULT - GUN,O,NORTHERN,39.330639,-76.63579,Tuesday,2024-11-12 13:00:00,2024-11-12 13:00:00,51.17,48.72,1.01,58,0,800,sky is clear,2024-11-12 13:00:00
2024-11-12 13:38:00,4A,AGG. ASSAULT - GUN,O,NORTHERN,39.330639,-76.63579,Tuesday,2024-11-12 13:00:00,2024-11-12 13:00:00,51.17,48.72,1.01,58,0,800,sky is clear,2024-11-12 13:00:00
2024-11-12 13:38:00,4A,AGG. ASSAULT - GUN,O,NORTHERN,39.330639,-76.63579,Tuesday,2024-11-12 13:00:00,2024-11-12 13:00:00,51.17,48.72,1.01,58,0,800,sky is clear,2024-11-12 13:00:00
2024-11-12 13:38:00,4A,AGG. ASSAULT - GUN,O,NORTHERN,39.330639,-76.63579,Tuesday,2024-11-12 13:00:00,2024-11-12 13:00:00,51.17,48.72,1.01,58,0,800,sky is clear,2024-11-12 13:00:00
2024-11-12 13:38:00,4A,AGG. ASSAULT - GUN,O,NORTHERN,39.330639,-76.63579,Tuesday,2024-11-12 13:00:00,2024-11-12 13:00:00,51.17,48.72,1.01,58,0,800,sky is clear,2024-11-12 13:00:00
2024-11-12 14:00:00,6G,LARCENY- FROM BLDG. ,O,NORTHERN,39.325669,-76.606376,Tuesday,2024-11-12 14:00:00,2024-11-12 14:00:00,53.94,51.53,4.0,53,0,800,sky is clear,2024-11-12 14:00:00
2024-11-12 14:35:00,3A,ROBBERY,O,EASTERN,39.314776,-76.60563,Tuesday,2024-11-12 14:00:00,2024-11-12 14:00:00,53.94,51.53,4.0,53,0,800,sky is clear,2024-11-12 14:00:00
2024-11-12 15:05:00,4E,COMMON ASSAULT,I,NORTHERN,39.32991,-76.60368,Tuesday,2024-11-12 15:00:00,2024-11-12 15:00:00,55.74,53.37,3.0,50,1,800,sky is clear,2024-11-12 15:00:00
2024-11-12 15:25:00,6F,LARCENY FROM AUTO,I,NORTHERN,39.33823,-76.605037,Tuesday,2024-11-12 15:00:00,2024-11-12 15:00:00,55.74,53.37,3.0,50,1,800,sky is clear,2024-11-12 15:00:00
2024-11-12 16:15:00,3A,ROBBERY,O,NORTHERN,39.3213,-76.615685,Tuesday,2024-11-12 16:00:00,2024-11-12 16:00:00,57.42,55.02,5.01,46,8,800,sky is clear,2024-11-12 16:00:00
2024-11-12 16:15:00,3A,ROBBERY,O,NORTHERN,39.3213,-76.615685,Tuesday,2024-11-12 16:00:00,2024-11-12 16:00:00,57.42,55.02,5.01,46,8,800,sky is clear,2024-11-12 16:00:00
2024-11-12 17:00:00,6G,LARCENY- FROM BLDG. ,O,NORTHERN,39.339048,-76.641596,Tuesday,2024-11-12 17:00:00,2024-11-12 17:00:00,57.27,54.81,3.0,45,18,801,few clouds,2024-11-12 17:00:00
2024-11-12 18:30:00,7A,AUTO THEFT,O,NORTHERN,39.347433,-76.630051,Tuesday,2024-11-12 18:00:00,2024-11-12 18:00:00,57.15,54.54,8.99,42,0,800,sky is clear,2024-11-12 18:00:00
2024-11-12 18:35:00,4A,AGG. ASSAULT - GUN,I,NORTHERN,39.351752,-76.608995,Tuesday,2024-11-12 18:00:00,2024-11-12 18:00:00,57.15,54.54,8.99,42,0,800,sky is clear,2024-11-12 18:00:00
2024-11-12 18:35:00,4E,COMMON ASSAULT,I,NORTHERN,39.351752,-76.608995,Tuesday,2024-11-12 18:00:00,2024-11-12 18:00:00,57.15,54.54,8.99,42,0,800,sky is clear,2024-11-12 18:00:00
2024-11-12 18:49:00,4E,COMMON ASSAULT,O,NORTHEAST,39.340603,-76.593336,Tuesday,2024-11-12 18:00:00,2024-11-12 18:00:00,57.15,54.54,8.99,42,0,800,sky is clear,2024-11-12 18:00:00
2024-11-12 20:04:00,4E,COMMON ASSAULT,O,NORTHERN,39.343343,-76.644717,Tuesday,2024-11-12 20:00:00,2024-11-12 20:00:00,56.39,53.51,10.0,38,0,800,sky is clear,2024-11-12 20:00:00
2024-11-12 23:23:00,6J,LARCENY- OTHER      ,I,NORTHEAST,39.341481,-76.598864,Tuesday,2024-11-12 23:00:00,2024-11-12 23:00:00,49.35,47.44,5.01,45,4,800,sky is clear,2024-11-12 23:00:00
2024-11-13 01:00:00,5A,BURGLARY,I,WESTERN,39.309944,-76.643905,Wednesday,2024-11-13 01:00:00,2024-11-13 01:00:00,46.2,45.39,3.0,49,22,801,few clouds,2024-11-13 01:00:00
2024-11-13 07:04:00,6D,LARCENY- FROM AUTO  ,I,WESTERN,39.30949,-76.64191,Wednesday,2024-11-13 07:00:00,2024-11-13 07:00:00,37.58,30.45,10.42,63,0,800,sky is clear,2024-11-13 07:00:00
2024-11-13 07:04:00,4E,COMMON ASSAULT,I,WESTERN,39.30949,-76.64191,Wednesday,2024-11-13 07:00:00,2024-11-13 07:00:00,37.58,30.45,10.42,63,0,800,sky is clear,2024-11-13 07:00:00
2024-11-13 07:04:00,4E,COMMON ASSAULT,I,WESTERN,39.30949,-76.64191,Wednesday,2024-11-13 07:00:00,2024-11-13 07:00:00,37.58,30.45,10.42,63,0,800,sky is clear,2024-11-13 07:00:00
2024-11-13 10:00:00,5A,BURGLARY,I,NORTHERN,39.322549,-76.606208,Wednesday,2024-11-13 10:00:00,2024-11-13 10:00:00,35.19,28.45,8.48,70,0,800,sky is clear,2024-11-13 10:00:00
2024-11-13 10:00:00,5A,BURGLARY,I,NORTHERN,39.322549,-76.606208,Wednesday,2024-11-13 10:00:00,2024-11-13 10:00:00,35.19,28.45,8.48,70,0,800,sky is clear,2024-11-13 10:00:00
2024-11-13 13:00:00,6F,LARCENY FROM AUTO,O,WESTERN,39.313335,-76.62872,Wednesday,2024-11-13 13:00:00,2024-11-13 13:00:00,35.98,31.75,5.01,72,0,800,sky is clear,2024-11-13 13:00:00
2024-11-13 13:45:00,4E,COMMON ASSAULT,I,NORTHERN,39.333734,-76.60955,Wednesday,2024-11-13 13:00:00,2024-11-13 13:00:00,35.98,31.75,5.01,72,0,800,sky is clear,2024-11-13 13:00:00
2024-11-13 14:10:00,3C,ROBBERY - COMMERCIAL,I,WESTERN,39.313469,-76.645922,Wednesday,2024-11-13 14:00:00,2024-11-13 14:00:00,42.8,38.52,7.0,53,0,800,sky is clear,2024-11-13 14:00:00
2024-11-13 14:10:00,3A,ROBBERY,I,WESTERN,39.313469,-76.645922,Wednesday,2024-11-13 14:00:00,2024-11-13 14:00:00,42.8,38.52,7.0,53,0,800,sky is clear,2024-11-13 14:00:00
2024-11-13 15:45:00,4E,COMMON ASSAULT,I,NORTHERN,39.32928113697195,-76.61490116108249,Wednesday,2024-11-13 15:00:00,2024-11-13 15:00:00,45.19,45.19,1.99,48,0,800,sky is clear,2024-11-13 15:00:00
2024-11-13 17:30:00,6F,LARCENY FROM AUTO,I,NORTHERN,39.336487,-76.636697,Wednesday,2024-11-13 17:00:00,2024-11-13 17:00:00,48.27,48.27,1.99,38,0,800,sky is clear,2024-11-13 17:00:00
2024-11-13 17:30:00,6F,LARCENY FROM AUTO,I,NORTHERN,39.336487,-76.636697,Wednesday,2024-11-13 17:00:00,2024-11-13 17:00:00,48.27,48.27,1.99,38,0,800,sky is clear,2024-11-13 17:00:00
2024-11-13 17:30:00,6F,LARCENY FROM AUTO,I,NORTHERN,39.336487,-76.636697,Wednesday,2024-11-13 17:00:00,2024-11-13 17:00:00,48.27,48.27,1.99,38,0,800,sky is clear,2024-11-13 17:00:00
2024-11-13 18:00:00,7A,AUTO THEFT,O,NORTHERN,39.348102,-76.612637,Wednesday,2024-11-13 18:00:00,2024-11-13 18:00:00,50.65,47.01,1.99,34,5,800,sky is clear,2024-11-13 18:00:00
2024-11-13 18:15:00,7A,AUTO THEFT,O,NORTHERN,39.326133,-76.60948,Wednesday,2024-11-13 18:00:00,2024-11-13 18:00:00,50.65,47.01,1.99,34,5,800,sky is clear,2024-11-13 18:00:00
2024-11-13 22:00:00,6G,LARCENY- FROM BLDG. ,O,NORTHERN,39.327661,-76.630389,Wednesday,2024-11-13 22:00:00,2024-11-13 22:00:00,46.6,45.21,3.67,48,92,804,overcast clouds,2024-11-13 22:00:00
2024-11-13 22:50:00,7A,AUTO THEFT,O,NORTHERN,39.350738,-76.60776,Wednesday,2024-11-13 22:00:00,2024-11-13 22:00:00,46.6,45.21,3.67,48,92,804,overcast clouds,2024-11-13 22:00:00
2024-11-13 23:00:00,7A,AUTO THEFT,O,NORTHERN,39.351773,-76.611131,Wednesday,2024-11-13 23:00:00,2024-11-13 23:00:00,42.22,39.2,4.85,56,43,802,scattered clouds,2024-11-13 23:00:00
2024-11-13 23:00:00,7A,AUTO THEFT,O,NORTHERN,39.348985,-76.613031,Wednesday,2024-11-13 23:00:00,2024-11-13 23:00:00,42.22,39.2,4.85,56,43,802,scattered clouds,2024-11-13 23:00:00
2024-11-13 23:50:00,4A,AGG. ASSAULT - GUN,O,NORTHERN,39.32204988664723,-76.6155792643644,Wednesday,2024-11-13 23:00:00,2024-11-13 23:00:00,42.22,39.2,4.85,56,43,802,scattered clouds,2024-11-13 23:00:00
2024-11-14 00:00:00,7A,AUTO THEFT,O,EASTERN,39.31676466714651,-76.5957538038889,Thursday,2024-11-14 00:00:00,2024-11-14 00:00:00,40.69,37.08,5.28,64,100,804,overcast clouds,2024-11-14 00:00:00
2024-11-14 00:33:00,3A,ROBBERY,O,EASTERN,39.31777117495207,-76.59985968960541,Thursday,2024-11-14 00:00:00,2024-11-14 00:00:00,40.69,37.08,5.28,64,100,804,overcast clouds,2024-11-14 00:00:00
2024-11-14 02:13:00,8A,ARSON,I,NORTHERN,39.330123,-76.627875,Thursday,2024-11-14 02:00:00,2024-11-14 02:00:00,38.17,33.84,5.64,70,100,804,overcast clouds,2024-11-14 02:00:00
2024-11-14 02:13:00,5A,BURGLARY,I,NORTHERN,39.330123,-76.627875,Thursday,2024-11-14 02:00:00,2024-11-14 02:00:00,38.17,33.84,5.64,70,100,804,overcast clouds,2024-11-14 02:00:00
2024-11-14 07:00:00,6F,LARCENY FROM AUTO,O,NORTHERN,39.332221,-76.637336,Thursday,2024-11-14 07:00:00,2024-11-14 07:00:00,37.02,31.95,6.38,73,100,804,overcast clouds,2024-11-14 07:00:00
2024-11-14 07:00:00,6F,LARCENY FROM AUTO,O,NORTHERN,39.332221,-76.637336,Thursday,2024-11-14 07:00:00,2024-11-14 07:00:00,37.02,31.95,6.38,73,100,804,overcast clouds,2024-11-14 07:00:00
2024-11-14 08:30:00,4E,COMMON ASSAULT,I,EASTERN,39.317994,-76.611233,Thursday,2024-11-14 08:00:00,2024-11-14 08:00:00,36.34,31.05,6.51,79,100,804,overcast clouds,2024-11-14 08:00:00
2024-11-14 09:00:00,6J,LARCENY- OTHER      ,I,NORTHERN,39.34938,-76.630187,Thursday,2024-11-14 09:00:00,2024-11-14 09:00:00,37.35,32.59,5.99,80,100,804,overcast clouds,2024-11-14 09:00:00
2024-11-14 09:04:00,6J,LARCENY- OTHER      ,I,NORTHERN,39.327006,-76.631227,Thursday,2024-11-14 09:00:00,2024-11-14 09:00:00,37.35,32.59,5.99,80,100,804,overcast clouds,2024-11-14 09:00:00
2024-11-14 09:07:00,6J,LARCENY- OTHER      ,I,NORTHERN,39.327021,-76.63087,Thursday,2024-11-14 09:00:00,2024-11-14 09:00:00,37.35,32.59,5.99,80,100,804,overcast clouds,2024-11-14 09:00:00
2024-11-14 09:15:00,4A,AGG. ASSAULT - GUN,O,NORTHERN,39.332221,-76.637336,Thursday,2024-11-14 09:00:00,2024-11-14 09:00:00,37.35,32.59,5.99,80,100,804,overcast clouds,2024-11-14 09:00:00
2024-11-14 14:50:00,4A,AGG. ASSAULT - GUN,I,NORTHERN,39.345034,-76.627161,Thursday,2024-11-14 14:00:00,2024-11-14 14:00:00,42.89,40.66,4.0,66,99,804,overcast clouds,2024-11-14 14:00:00
2024-11-14 14:50:00,4A,AGG. ASSAULT - GUN,I,NORTHERN,39.345034,-76.627161,Thursday,2024-11-14 14:00:00,2024-11-14 14:00:00,42.89,40.66,4.0,66,99,804,overcast clouds,2024-11-14 14:00:00
2024-11-14 15:00:00,6F,LARCENY FROM AUTO,O,NORTHERN,39.336464,-76.637995,Thursday,2024-11-14 15:00:00,2024-11-14 15:00:00,45.07,44.1,3.0,62,100,804,overcast clouds,2024-11-14 15:00:00
2024-11-14 16:00:00,2A,RAPE,I,NORTHEAST,39.35054,-76.596225,Thursday,2024-11-14 16:00:00,2024-11-14 16:00:00,47.7,47.07,3.0,62,100,804,overcast clouds,2024-11-14 16:00:00
2024-11-14 17:00:00,4E,COMMON ASSAULT,I,NORTHEAST,39.349325,-76.595144,Thursday,2024-11-14 17:00:00,2024-11-14 17:00:00,48.96,47.66,4.0,62,100,804,overcast clouds,2024-11-14 17:00:00
2024-11-14 20:40:00,3A,ROBBERY,O,NORTHERN,39.320698,-76.617109,Thursday,2024-11-14 20:00:00,2024-11-14 20:00:00,50.9,48.79,3.0,66,100,804,overcast clouds,2024-11-14 20:00:00
2024-11-14 21:25:00,4E,COMMON ASSAULT,I,EASTERN,39.316408,-76.616826,Thursday,2024-11-14 21:00:00,2024-11-14 21:00:00,50.81,48.83,4.0,69,100,804,overcast clouds,2024-11-14 21:00:00
2024-11-14 21:25:00,4E,COMMON ASSAULT,I,EASTERN,39.316408,-76.616826,Thursday,2024-11-14 21:00:00,2024-11-14 21:00:00,50.81,48.83,4.0,69,100,804,overcast clouds,2024-11-14 21:00:00
2024-11-15 06:35:00,6D,LARCENY- FROM AUTO  ,I,NORTHERN,39.33748,-76.634275,Friday,2024-11-15 06:00:00,2024-11-15 06:00:00,43.81,43.81,1.99,92,100,500,light rain,2024-11-15 06:00:00
2024-11-15 10:10:00,7A,AUTO THEFT,O,NORTHERN,39.31951765544649,-76.62276224080175,Friday,2024-11-15 10:00:00,2024-11-15 10:00:00,43.09,38.68,7.36,94,100,500,light rain,2024-11-15 10:00:00
2024-11-15 11:55:00,6C,LARCENY- SHOPLIFTING,I,EASTERN,39.313487,-76.598787,Friday,2024-11-15 11:00:00,2024-11-15 11:00:00,43.02,38.82,6.91,93,100,804,overcast clouds,2024-11-15 11:00:00
2024-11-15 12:00:00,6J,LARCENY- OTHER      ,I,NORTHERN,39.347017,-76.608984,Friday,2024-11-15 12:00:00,2024-11-15 12:00:00,43.02,38.77,7.02,94,100,804,overcast clouds,2024-11-15 12:00:00
2024-11-15 13:00:00,3A,ROBBERY,O,EASTERN,39.318055,-76.612781,Friday,2024-11-15 13:00:00,2024-11-15 13:00:00,43.18,43.18,1.01,91,98,804,overcast clouds,2024-11-15 13:00:00
2024-11-15 13:00:00,4A,AGG. ASSAULT - GUN,O,EASTERN,39.311989,-76.599286,Friday,2024-11-15 13:00:00,2024-11-15 13:00:00,43.18,43.18,1.01,91,98,804,overcast clouds,2024-11-15 13:00:00
2024-11-15 13:34:00,6J,LARCENY- OTHER      ,I,NORTHERN,39.324776,-76.627712,Friday,2024-11-15 13:00:00,2024-11-15 13:00:00,43.18,43.18,1.01,91,98,804,overcast clouds,2024-11-15 13:00:00
2024-11-15 13:41:00,6J,LARCENY- OTHER      ,I,EASTERN,39.312223,-76.618055,Friday,2024-11-15 13:00:00,2024-11-15 13:00:00,43.18,43.18,1.01,91,98,804,overcast clouds,2024-11-15 13:00:00
2024-11-15 13:50:00,4E,COMMON ASSAULT,O,EASTERN,39.310426,-76.602101,Friday,2024-11-15 13:00:00,2024-11-15 13:00:00,43.18,43.18,1.01,91,98,804,overcast clouds,2024-11-15 13:00:00
2024-11-15 14:10:00,6J,LARCENY- OTHER      ,O,NORTHERN,39.326364,-76.607977,Friday,2024-11-15 14:00:00,2024-11-15 14:00:00,45.07,44.1,3.0,88,92,804,overcast clouds,2024-11-15 14:00:00
2024-11-15 16:18:00,4E,COMMON ASSAULT,I,EASTERN,39.315209,-76.593867,Friday,2024-11-15 16:00:00,2024-11-15 16:00:00,51.55,49.78,1.01,72,87,804,overcast clouds,2024-11-15 16:00:00
2024-11-15 19:20:00,5A,BURGLARY,I,WESTERN,39.311982,-76.631231,Friday,2024-11-15 19:00:00,2024-11-15 19:00:00,55.45,53.94,5.01,69,99,804,overcast clouds,2024-11-15 19:00:00
2024-11-15 20:00:00,7A,AUTO THEFT,I,NORTHERN,39.341667,-76.603657,Friday,2024-11-15 20:00:00,2024-11-15 20:00:00,54.9,53.38,4.0,70,98,804,overcast clouds,2024-11-15 20:00:00
2024-11-15 20:40:00,6F,LARCENY FROM AUTO,O,NORTHERN,39.34351734394172,-76.60945990430632,Friday,2024-11-15 20:00:00,2024-11-15 20:00:00,54.9,53.38,4.0,70,98,804,overcast clouds,2024-11-15 20:00:00
2024-11-15 21:00:00,4E,COMMON ASSAULT,O,EASTERN,39.312018,-76.607224,Friday,2024-11-15 21:00:00,2024-11-15 21:00:00,53.53,52.05,10.0,74,78,803,broken clouds,2024-11-15 21:00:00
2024-11-15 23:00:00,6F,LARCENY FROM AUTO,O,NORTHEAST,39.347935,-76.593725,Friday,2024-11-15 23:00:00,2024-11-15 23:00:00,51.44,50.0,5.99,79,14,801,few clouds,2024-11-15 23:00:00
2024-11-16 00:57:00,4E,COMMON ASSAULT,I,NORTHEAST,39.347033,-76.592977,Saturday,2024-11-16 00:00:00,2024-11-16 00:00:00,51.15,49.82,4.0,82,10,800,sky is clear,2024-11-16 00:00:00
2024-11-16 01:15:00,4E,COMMON ASSAULT,O,NORTHERN,39.326866,-76.609485,Saturday,2024-11-16 01:00:00,2024-11-16 01:00:00,50.36,48.99,3.0,83,3,800,sky is clear,2024-11-16 01:00:00
2024-11-16 03:00:00,4E,COMMON ASSAULT,I,WESTERN,39.308966,-76.643032,Saturday,2024-11-16 03:00:00,2024-11-16 03:00:00,50.07,48.72,4.0,84,1,800,sky is clear,2024-11-16 03:00:00
2024-11-16 03:00:00,6F,LARCENY FROM AUTO,O,NORTHERN,39.335825,-76.618229,Saturday,2024-11-16 03:00:00,2024-11-16 03:00:00,50.07,48.72,4.0,84,1,800,sky is clear,2024-11-16 03:00:00
2024-11-16 03:45:00,4E,COMMON ASSAULT,I,NORTHERN,39.323308,-76.617268,Saturday,2024-11-16 03:00:00,2024-11-16 03:00:00,50.07,48.72,4.0,84,1,800,sky is clear,2024-11-16 03:00:00
2024-11-16 04:50:00,5A,BURGLARY,I,NORTHERN,39.334265,-76.611834,Saturday,2024-11-16 04:00:00,2024-11-16 04:00:00,50.22,48.83,1.01,83,1,800,sky is clear,2024-11-16 04:00:00
2024-11-16 05:25:00,3A,ROBBERY,O,EASTERN,39.32660645469493,-76.5944389360234,Saturday,2024-11-16 05:00:00,2024-11-16 05:00:00,51.15,49.77,1.01,81,0,800,sky is clear,2024-11-16 05:00:00
2024-11-16 10:23:00,6J,LARCENY- OTHER      ,I,EASTERN,39.313487,-76.598787,Saturday,2024-11-16 10:00:00,2024-11-16 10:00:00,51.98,50.45,4.0,76,49,802,scattered clouds,2024-11-16 10:00:00
2024-11-16 11:53:00,6J,LARCENY- OTHER      ,I,EASTERN,39.313487,-76.598787,Saturday,2024-11-16 11:00:00,2024-11-16 11:00:00,53.62,52.02,4.0,71,31,802,scattered clouds,2024-11-16 11:00:00
2024-11-16 15:50:00,5A,BURGLARY,I,WESTERN,39.311117,-76.641833,Saturday,2024-11-16 15:00:00,2024-11-16 15:00:00,57.13,55.17,7.0,56,3,800,sky is clear,2024-11-16 15:00:00
2024-11-16 18:00:00,6G,LARCENY- FROM BLDG. ,O,NORTHERN,39.344181,-76.605988,Saturday,2024-11-16 18:00:00,2024-11-16 18:00:00,60.57,58.68,8.01,50,0,800,sky is clear,2024-11-16 18:00:00
2024-11-16 20:49:00,6C,LARCENY- SHOPLIFTING,I,EASTERN,39.312497,-76.616724,Saturday,2024-11-16 20:00:00,2024-11-16 20:00:00,59.81,57.88,5.99,51,0,800,sky is clear,2024-11-16 20:00:00
2024-11-16 21:15:00,6G,LARCENY- FROM BLDG. ,O,NORTHERN,39.345006,-76.604456,Saturday,2024-11-16 21:00:00,2024-11-16 21:00:00,58.08,56.12,4.0,54,0,800,sky is clear,2024-11-16 21:00:00
2024-11-16 21:45:00,4E,COMMON ASSAULT,I,NORTHERN,39.319995,-76.622979,Saturday,2024-11-16 21:00:00,2024-11-16 21:00:00,58.08,56.12,4.0,54,0,800,sky is clear,2024-11-16 21:00:00
2024-11-16 23:00:00,6J,LARCENY- OTHER      ,I,NORTHERN,39.323039,-76.619488,Saturday,2024-11-16 23:00:00,2024-11-16 23:00:00,53.38,51.24,1.99,60,0,800,sky is clear,2024-11-16 23:00:00
2024-11-16 23:53:00,4A,AGG. ASSAULT - GUN,O,NORTHERN,39.335273,-76.608784,Saturday,2024-11-16 23:00:00,2024-11-16 23:00:00,53.38,51.24,1.99,60,0,800,sky is clear,2024-11-16 23:00:00
2024-11-17 00:40:00,4E,COMMON ASSAULT,O,NORTHERN,39.326987,-76.6158,Sunday,2024-11-17 00:00:00,2024-11-17 00:00:00,51.3,49.14,5.01,64,0,800,sky is clear,2024-11-17 00:00:00
2024-11-17 11:07:00,6J,LARCENY- OTHER      ,I,NORTHERN,39.319265,-76.624098,Sunday,2024-11-17 11:00:00,2024-11-17 11:00:00,42.31,37.69,7.45,78,8,800,sky is clear,2024-11-17 11:00:00
2024-11-17 13:20:00,4A,AGG. ASSAULT - GUN,O,EASTERN,39.31732,-76.597979,Sunday,2024-11-17 13:00:00,2024-11-17 13:00:00,44.51,44.51,1.01,72,95,804,overcast clouds,2024-11-17 13:00:00
2024-11-17 14:00:00,3BJ,ROBBERY - CARJACKING,O,WESTERN,39.309626,-76.636665,Sunday,2024-11-17 14:00:00,2024-11-17 14:00:00,48.58,48.58,1.01,69,99,804,overcast clouds,2024-11-17 14:00:00
2024-11-17 14:53:00,6C,LARCENY- SHOPLIFTING,I,NORTHERN,39.326975,-76.616072,Sunday,2024-11-17 14:00:00,2024-11-17 14:00:00,48.58,48.58,1.01,69,99,804,overcast clouds,2024-11-17 14:00:00
2024-11-17 15:00:00,6F,LARCENY FROM AUTO,O,EASTERN,39.318179,-76.60629,Sunday,2024-11-17 15:00:00,2024-11-17 15:00:00,52.25,49.86,3.33,57,98,804,overcast clouds,2024-11-17 15:00:00
2024-11-17 16:45:00,4A,AGG. ASSAULT - GUN,I,EASTERN,39.30919,-76.598984,Sunday,2024-11-17 16:00:00,2024-11-17 16:00:00,56.14,53.8,1.95,50,100,804,overcast clouds,2024-11-17 16:00:00
2024-11-17 18:00:00,6G,LARCENY- FROM BLDG. ,O,WESTERN,39.315772,-76.646849,Sunday,2024-11-17 18:00:00,2024-11-17 18:00:00,59.94,57.56,1.99,41,99,804,overcast clouds,2024-11-17 18:00:00
2024-11-17 19:30:00,2A,RAPE,O,NORTHERN,39.349089,-76.60975,Sunday,2024-11-17 19:00:00,2024-11-17 19:00:00,60.6,58.05,4.0,36,99,804,overcast clouds,2024-11-17 19:00:00
2024-11-17 20:00:00,6F,LARCENY FROM AUTO,O,NORTHERN,39.334015,-76.648109,Sunday,2024-11-17 20:00:00,2024-11-17 20:00:00,60.4,57.94,1.99,38,100,804,overcast clouds,2024-11-17 20:00:00
2024-11-17 20:05:00,3A,ROBBERY,O,WESTERN,39.314481,-76.632673,Sunday,2024-11-17 20:00:00,2024-11-17 20:00:00,60.4,57.94,1.99,38,100,804,overcast clouds,2024-11-17 20:00:00
2024-11-17 20:05:00,3A,ROBBERY,O,WESTERN,39.314481,-76.632673,Sunday,2024-11-17 20:00:00,2024-11-17 20:00:00,60.4,57.94,1.99,38,100,804,overcast clouds,2024-11-17 20:00:00
2024-11-17 22:00:00,4E,COMMON ASSAULT,I,NORTHERN,39.345474,-76.603928,Sunday,2024-11-17 22:00:00,2024-11-17 22:00:00,55.2,53.01,4.56,55,99,804,overcast clouds,2024-11-17 22:00:00
2024-11-17 22:40:00,6F,LARCENY FROM AUTO,O,NORTHERN,39.314247,-76.619414,Sunday,2024-11-17 22:00:00,2024-11-17 22:00:00,55.2,53.01,4.56,55,99,804,overcast clouds,2024-11-17 22:00:00
2024-11-17 23:00:00,3BJ,ROBBERY - CARJACKING,O,EASTERN,39.315527,-76.600077,Sunday,2024-11-17 23:00:00,2024-11-17 23:00:00,52.66,50.36,5.3,58,98,804,overcast clouds,2024-11-17 23:00:00
2024-11-18 01:00:00,7A,AUTO THEFT,O,NORTHEAST,39.334624,-76.594246,Monday,2024-11-18 01:00:00,2024-11-18 01:00:00,48.22,45.99,5.21,70,97,804,overcast clouds,2024-11-18 01:00:00
2024-11-18 01:28:00,6C,LARCENY- SHOPLIFTING,I,NORTHERN,39.331203,-76.631536,Monday,2024-11-18 01:00:00,2024-11-18 01:00:00,48.22,45.99,5.21,70,97,804,overcast clouds,2024-11-18 01:00:00
2024-11-18 08:00:00,6J,LARCENY- OTHER      ,I,EASTERN,39.313706,-76.607183,Monday,2024-11-18 08:00:00,2024-11-18 08:00:00,41.67,37.38,6.6,88,83,803,broken clouds,2024-11-18 08:00:00
2024-11-18 10:58:00,4A,AGG. ASSAULT - GUN,I,EASTERN,39.315318,-76.618112,Monday,2024-11-18 10:00:00,2024-11-18 10:00:00,44.62,40.59,7.23,85,86,804,overcast clouds,2024-11-18 10:00:00
2024-11-18 14:03:00,4E,COMMON ASSAULT,I,EASTERN,39.313487,-76.598787,Monday,2024-11-18 14:00:00,2024-11-18 14:00:00,58.48,56.84,3.0,60,9,800,sky is clear,2024-11-18 14:00:00
2024-11-18 14:03:00,4E,COMMON ASSAULT,I,EASTERN,39.313487,-76.598787,Monday,2024-11-18 14:00:00,2024-11-18 14:00:00,58.48,56.84,3.0,60,9,800,sky is clear,2024-11-18 14:00:00
2024-11-18 19:00:00,3A,ROBBERY,O,NORTHERN,39.328725,-76.629324,Monday,2024-11-18 19:00:00,2024-11-18 19:00:00,70.16,69.19,3.0,49,52,803,broken clouds,2024-11-18 19:00:00
2024-11-18 19:05:00,7A,AUTO THEFT,O,EASTERN,39.31037005470618,-76.60264398966193,Monday,2024-11-18 19:00:00,2024-11-18 19:00:00,70.16,69.19,3.0,49,52,803,broken clouds,2024-11-18 19:00:00
2024-11-18 20:59:00,3C,ROBBERY - COMMERCIAL,I,NORTHERN,39.351817,-76.60983,Monday,2024-11-18 20:00:00,2024-11-18 20:00:00,69.98,69.08,4.0,51,47,802,scattered clouds,2024-11-18 20:00:00
2024-11-18 20:59:00,3A,ROBBERY,I,NORTHERN,39.351817,-76.60983,Monday,2024-11-18 20:00:00,2024-11-18 20:00:00,69.98,69.08,4.0,51,47,802,scattered clouds,2024-11-18 20:00:00
2024-11-19 00:02:00,6J,LARCENY- OTHER      ,I,EASTERN,39.30919,-76.598984,Tuesday,2024-11-19 00:00:00,2024-11-19 00:00:00,59.97,58.91,3.0,69,39,802,scattered clouds,2024-11-19 00:00:00
2024-11-19 00:44:00,4E,COMMON ASSAULT,I,NORTHERN,39.32928113697195,-76.61490116108249,Tuesday,2024-11-19 00:00:00,2024-11-19 00:00:00,59.97,58.91,3.0,69,39,802,scattered clouds,2024-11-19 00:00:00
2024-11-19 05:10:00,6C,LARCENY- SHOPLIFTING,I,NORTHERN,39.332177,-76.628007,Tuesday,2024-11-19 05:00:00,2024-11-19 05:00:00,56.37,55.42,6.38,79,93,804,overcast clouds,2024-11-19 05:00:00
2024-11-19 08:50:00,4E,COMMON ASSAULT,I,EASTERN,39.313403,-76.596804,Tuesday,2024-11-19 08:00:00,2024-11-19 08:00:00,54.23,52.97,8.14,77,65,803,broken clouds,2024-11-19 08:00:00
2024-11-19 10:00:00,6D,LARCENY- FROM AUTO  ,I,NORTHERN,39.337532,-76.634497,Tuesday,2024-11-19 10:00:00,2024-11-19 10:00:00,52.21,50.61,1.01,74,21,801,few clouds,2024-11-19 10:00:00
2024-11-19 11:30:00,7A,AUTO THEFT,I,NORTHERN,39.32991,-76.60368,Tuesday,2024-11-19 11:00:00,2024-11-19 11:00:00,50.47,48.45,1.01,69,20,801,few clouds,2024-11-19 11:00:00
2024-11-19 12:27:00,4E,COMMON ASSAULT,O,NORTHERN,39.319816,-76.609393,Tuesday,2024-11-19 12:00:00,2024-11-19 12:00:00,48.99,46.99,5.08,69,98,804,overcast clouds,2024-11-19 12:00:00
2024-11-19 15:00:00,6J,LARCENY- OTHER      ,I,WESTERN,39.311283,-76.646372,Tuesday,2024-11-19 15:00:00,2024-11-19 15:00:00,55.83,53.71,1.01,55,95,804,overcast clouds,2024-11-19 15:00:00
2024-11-19 15:10:00,4E,COMMON ASSAULT,I,EASTERN,39.312363,-76.614318,Tuesday,2024-11-19 15:00:00,2024-11-19 15:00:00,55.83,53.71,1.01,55,95,804,overcast clouds,2024-11-19 15:00:00
2024-11-19 15:22:00,6J,LARCENY- OTHER      ,O,NORTHERN,39.337646,-76.63746,Tuesday,2024-11-19 15:00:00,2024-11-19 15:00:00,55.83,53.71,1.01,55,95,804,overcast clouds,2024-11-19 15:00:00
2024-11-19 15:30:00,7A,AUTO THEFT,O,NORTHERN,39.318409,-76.614331,Tuesday,2024-11-19 15:00:00,2024-11-19 15:00:00,55.83,53.71,1.01,55,95,804,overcast clouds,2024-11-19 15:00:00
2024-11-19 17:36:00,6J,LARCENY- OTHER      ,I,EASTERN,39.319339,-76.594598,Tuesday,2024-11-19 17:00:00,2024-11-19 17:00:00,57.31,55.09,1.01,50,100,804,overcast clouds,2024-11-19 17:00:00
2024-11-19 20:00:00,6F,LARCENY FROM AUTO,O,NORTHEAST,39.348361,-76.595073,Tuesday,2024-11-19 20:00:00,2024-11-19 20:00:00,60.03,58.03,1.01,49,100,804,overcast clouds,2024-11-19 20:00:00
2024-11-19 20:00:00,6F,LARCENY FROM AUTO,O,NORTHEAST,39.348361,-76.595073,Tuesday,2024-11-19 20:00:00,2024-11-19 20:00:00,60.03,58.03,1.01,49,100,804,overcast clouds,2024-11-19 20:00:00
2024-11-19 22:30:00,3A,ROBBERY,O,NORTHERN,39.33581290725755,-76.62098373322706,Tuesday,2024-11-19 22:00:00,2024-11-19 22:00:00,55.62,53.74,2.39,61,100,501,moderate rain,2024-11-19 22:00:00
2024-11-19 22:45:00,3A,ROBBERY,O,NORTHERN,39.33086183401538,-76.61809757237229,Tuesday,2024-11-19 22:00:00,2024-11-19 22:00:00,55.62,53.74,2.39,61,100,501,moderate rain,2024-11-19 22:00:00
2024-11-19 22:45:00,3A,ROBBERY,O,NORTHERN,39.33086183401538,-76.61809757237229,Tuesday,2024-11-19 22:00:00,2024-11-19 22:00:00,55.62,53.74,2.39,61,100,501,moderate rain,2024-11-19 22:00:00
2024-11-19 23:20:00,3A,ROBBERY,O,NORTHERN,39.327001,-76.603925,Tuesday,2024-11-19 23:00:00,2024-11-19 23:00:00,55.33,53.56,2.19,64,100,500,light rain,2024-11-19 23:00:00
2024-11-20 00:15:00,4E,COMMON ASSAULT,I,WESTERN,39.316185,-76.633847,Wednesday,2024-11-20 00:00:00,2024-11-20 00:00:00,54.18,52.54,2.13,69,97,804,overcast clouds,2024-11-20 00:00:00
2024-11-20 06:04:00,5A,BURGLARY,I,WESTERN,39.314788,-76.646741,Wednesday,2024-11-20 06:00:00,2024-11-20 06:00:00,51.73,50.88,0.56,91,90,500,light rain,2024-11-20 06:00:00
2024-11-20 07:40:00,6J,LARCENY- OTHER      ,I,EASTERN,39.31291,-76.59534,Wednesday,2024-11-20 07:00:00,2024-11-20 07:00:00,51.73,50.65,2.28,86,62,803,broken clouds,2024-11-20 07:00:00
2024-11-20 08:00:00,6J,LARCENY- OTHER      ,O,NORTHERN,39.33985736242689,-76.63756708748592,Wednesday,2024-11-20 08:00:00,2024-11-20 08:00:00,51.91,50.79,3.11,85,77,803,broken clouds,2024-11-20 08:00:00
2024-11-20 08:32:00,3BJ,ROBBERY - CARJACKING,O,NORTHERN,39.335163,-76.63844,Wednesday,2024-11-20 08:00:00,2024-11-20 08:00:00,51.91,50.79,3.11,85,77,803,broken clouds,2024-11-20 08:00:00
2024-11-20 08:43:00,3A,ROBBERY,O,NORTHERN,39.331133,-76.633119,Wednesday,2024-11-20 08:00:00,2024-11-20 08:00:00,51.91,50.79,3.11,85,77,803,broken clouds,2024-11-20 08:00:00
2024-11-20 08:45:00,4E,COMMON ASSAULT,I,EASTERN,39.322156,-76.5977,Wednesday,2024-11-20 08:00:00,2024-11-20 08:00:00,51.91,50.79,3.11,85,77,803,broken clouds,2024-11-20 08:00:00
2024-11-20 08:45:00,4E,COMMON ASSAULT,I,EASTERN,39.322156,-76.5977,Wednesday,2024-11-20 08:00:00,2024-11-20 08:00:00,51.91,50.79,3.11,85,77,803,broken clouds,2024-11-20 08:00:00
2024-11-20 10:42:00,4E,COMMON ASSAULT,I,NORTHERN,39.332809,-76.605001,Wednesday,2024-11-20 10:00:00,2024-11-20 10:00:00,51.98,50.92,3.8,86,89,804,overcast clouds,2024-11-20 10:00:00
2024-11-20 11:00:00,6C,LARCENY- SHOPLIFTING,I,WESTERN,39.310233,-76.642609,Wednesday,2024-11-20 11:00:00,2024-11-20 11:00:00,51.82,50.7,2.95,85,86,804,overcast clouds,2024-11-20 11:00:00
2024-11-20 15:15:00,6J,LARCENY- OTHER      ,I,NORTHEAST,39.349302,-76.600366,Wednesday,2024-11-20 15:00:00,2024-11-20 15:00:00,59.54,58.24,1.99,65,57,803,broken clouds,2024-11-20 15:00:00
2024-11-20 16:00:00,4E,COMMON ASSAULT,I,EASTERN,39.316044,-76.595192,Wednesday,2024-11-20 16:00:00,2024-11-20 16:00:00,60.98,59.74,1.99,63,37,802,scattered clouds,2024-11-20 16:00:00
2024-11-20 16:00:00,4E,COMMON ASSAULT,I,NORTHERN,39.318773,-76.622981,Wednesday,2024-11-20 16:00:00,2024-11-20 16:00:00,60.98,59.74,1.99,63,37,802,scattered clouds,2024-11-20 16:00:00
2024-11-20 16:00:00,4E,COMMON ASSAULT,I,EASTERN,39.316044,-76.595192,Wednesday,2024-11-20 16:00:00,2024-11-20 16:00:00,60.98,59.74,1.99,63,37,802,scattered clouds,2024-11-20 16:00:00
2024-11-20 16:50:00,4E,COMMON ASSAULT,I,NORTHERN,39.323498,-76.6112,Wednesday,2024-11-20 16:00:00,2024-11-20 16:00:00,60.98,59.74,1.99,63,37,802,scattered clouds,2024-11-20 16:00:00
2024-11-20 17:00:00,5A,BURGLARY,I,EASTERN,39.31415951917658,-76.61681959086211,Wednesday,2024-11-20 17:00:00,2024-11-20 17:00:00,62.49,61.59,1.99,67,15,500,light rain,2024-11-20 17:00:00
2024-11-20 18:25:00,4A,AGG. ASSAULT - GUN,I,NORTHERN,39.327209,-76.608379,Wednesday,2024-11-20 18:00:00,2024-11-20 18:00:00,63.21,62.44,1.99,68,10,500,light rain,2024-11-20 18:00:00
2024-11-20 18:25:00,4A,AGG. ASSAULT - GUN,I,NORTHERN,39.327209,-76.608379,Wednesday,2024-11-20 18:00:00,2024-11-20 18:00:00,63.21,62.44,1.99,68,10,500,light rain,2024-11-20 18:00:00
2024-11-20 19:00:00,6F,LARCENY FROM AUTO,I,NORTHERN,39.341877,-76.629975,Wednesday,2024-11-20 19:00:00,2024-11-20 19:00:00,62.28,61.63,1.01,73,8,800,sky is clear,2024-11-20 19:00:00
2024-11-20 19:30:00,6F,LARCENY FROM AUTO,O,WESTERN,39.311962,-76.638902,Wednesday,2024-11-20 19:00:00,2024-11-20 19:00:00,62.28,61.63,1.01,73,8,800,sky is clear,2024-11-20 19:00:00
2024-11-20 19:40:00,6J,LARCENY- OTHER      ,I,EASTERN,39.31291,-76.595351,Wednesday,2024-11-20 19:00:00,2024-11-20 19:00:00,62.28,61.63,1.01,73,8,800,sky is clear,2024-11-20 19:00:00
2024-11-20 20:00:00,4A,AGG. ASSAULT - GUN,I,NORTHERN,39.324525,-76.60785,Wednesday,2024-11-20 20:00:00,2024-11-20 20:00:00,62.1,61.57,5.32,76,25,802,scattered clouds,2024-11-20 20:00:00
2024-11-20 20:00:00,4A,AGG. ASSAULT - GUN,I,NORTHERN,39.324525,-76.60785,Wednesday,2024-11-20 20:00:00,2024-11-20 20:00:00,62.1,61.57,5.32,76,25,802,scattered clouds,2024-11-20 20:00:00
2024-11-20 21:00:00,4E,COMMON ASSAULT,I,EASTERN,39.313449,-76.61678,Wednesday,2024-11-20 21:00:00,2024-11-20 21:00:00,61.05,60.57,1.01,79,42,802,scattered clouds,2024-11-20 21:00:00
2024-11-20 23:00:00,7A,AUTO THEFT,O,NORTHEAST,39.332348,-76.599343,Wednesday,2024-11-20 23:00:00,2024-11-20 23:00:00,59.38,58.91,1.99,83,96,804,overcast clouds,2024-11-20 23:00:00
2024-11-21 07:25:00,6J,LARCENY- OTHER      ,O,WESTERN,39.310296,-76.638408,Thursday,2024-11-21 07:00:00,2024-11-21 07:00:00,44.24,41.45,5.01,91,91,501,moderate rain,2024-11-21 07:00:00
2024-11-21 08:40:00,7A,AUTO THEFT,O,NORTHERN,39.32826,-76.600495,Thursday,2024-11-21 08:00:00,2024-11-21 08:00:00,42.85,41.59,3.0,89,22,500,light rain,2024-11-21 08:00:00
2024-11-21 08:50:00,7A,AUTO THEFT,O,EASTERN,39.319889,-76.595238,Thursday,2024-11-21 08:00:00,2024-11-21 08:00:00,42.85,41.59,3.0,89,22,500,light rain,2024-11-21 08:00:00
2024-11-21 08:50:00,7A,AUTO THEFT,O,EASTERN,39.319889,-76.595238,Thursday,2024-11-21 08:00:00,2024-11-21 08:00:00,42.85,41.59,3.0,89,22,500,light rain,2024-11-21 08:00:00
2024-11-21 10:31:00,6C,LARCENY- SHOPLIFTING,I,WESTERN,39.310233,-76.642609,Thursday,2024-11-21 10:00:00,2024-11-21 10:00:00,40.6,40.6,1.99,90,0,500,light rain,2024-11-21 10:00:00
2024-11-21 12:00:00,6J,LARCENY- OTHER      ,I,NORTHERN,39.335049,-76.633006,Thursday,2024-11-21 12:00:00,2024-11-21 12:00:00,39.69,39.69,1.99,87,0,500,light rain,2024-11-21 12:00:00
2024-11-21 12:01:00,6F,LARCENY FROM AUTO,O,EASTERN,39.309416,-76.600839,Thursday,2024-11-21 12:00:00,2024-11-21 12:00:00,39.69,39.69,1.99,87,0,500,light rain,2024-11-21 12:00:00
2024-11-21 12:15:00,7A,AUTO THEFT,O,NORTHERN,39.350927,-76.6098,Thursday,2024-11-21 12:00:00,2024-11-21 12:00:00,39.69,39.69,1.99,87,0,500,light rain,2024-11-21 12:00:00
2024-11-21 12:19:00,1A,HOMICIDE,O,EASTERN,39.315527,-76.600077,Thursday,2024-11-21 12:00:00,2024-11-21 12:00:00,39.69,39.69,1.99,87,0,500,light rain,2024-11-21 12:00:00
2024-11-21 12:45:00,4E,COMMON ASSAULT,I,EASTERN,39.324761,-76.59375,Thursday,2024-11-21 12:00:00,2024-11-21 12:00:00,39.69,39.69,1.99,87,0,500,light rain,2024-11-21 12:00:00
2024-11-21 14:20:00,4E,COMMON ASSAULT,I,EASTERN,39.31291,-76.59534,Thursday,2024-11-21 14:00:00,2024-11-21 14:00:00,44.92,43.93,3.0,70,1,800,sky is clear,2024-11-21 14:00:00
2024-11-21 14:30:00,6J,LARCENY- OTHER      ,I,NORTHERN,39.338995,-76.638406,Thursday,2024-11-21 14:00:00,2024-11-21 14:00:00,44.92,43.93,3.0,70,1,800,sky is clear,2024-11-21 14:00:00
2024-11-21 15:50:00,5A,BURGLARY,I,NORTHERN,39.331935,-76.638849,Thursday,2024-11-21 15:00:00,2024-11-21 15:00:00,47.5,44.69,5.99,61,0,500,light rain,2024-11-21 15:00:00
2024-11-21 16:15:00,5A,BURGLARY,O,EASTERN,39.309503,-76.595838,Thursday,2024-11-21 16:00:00,2024-11-21 16:00:00,50.14,47.68,7.0,60,3,800,sky is clear,2024-11-21 16:00:00
2024-11-21 20:15:00,6J,LARCENY- OTHER      ,I,NORTHEAST,39.345738,-76.595844,Thursday,2024-11-21 20:00:00,2024-11-21 20:00:00,46.31,44.6,4.0,60,98,500,light rain,2024-11-21 20:00:00
2024-11-22 00:00:00,4E,COMMON ASSAULT,I,NORTHERN,39.334503,-76.609082,Friday,2024-11-22 00:00:00,2024-11-22 00:00:00,41.81,40.42,3.0,75,97,804,overcast clouds,2024-11-22 00:00:00
2024-11-22 05:00:00,4E,COMMON ASSAULT,O,WESTERN,39.310595,-76.632541,Friday,2024-11-22 05:00:00,2024-11-22 05:00:00,39.88,35.62,5.99,76,1,800,sky is clear,2024-11-22 05:00:00
2024-11-22 05:10:00,6C,LARCENY- SHOPLIFTING,O,NORTHERN,39.332177,-76.628007,Friday,2024-11-22 05:00:00,2024-11-22 05:00:00,39.88,35.62,5.99,76,1,800,sky is clear,2024-11-22 05:00:00
2024-11-22 08:25:00,7A,AUTO THEFT,O,NORTHEAST,39.333907,-76.594517,Friday,2024-11-22 08:00:00,2024-11-22 08:00:00,35.19,35.19,1.99,71,0,500,light rain,2024-11-22 08:00:00
2024-11-22 09:30:00,4A,AGG. ASSAULT - GUN,O,NORTHEAST,39.349029,-76.599161,Friday,2024-11-22 09:00:00,2024-11-22 09:00:00,35.65,33.46,3.0,67,0,800,sky is clear,2024-11-22 09:00:00
2024-11-22 10:16:00,6D,LARCENY- FROM AUTO  ,I,NORTHERN,39.326987,-76.6158,Friday,2024-11-22 10:00:00,2024-11-22 10:00:00,34.9,32.59,3.0,71,3,800,sky is clear,2024-11-22 10:00:00
2024-11-22 11:05:00,6J,LARCENY- OTHER      ,I,NORTHERN,39.331364,-76.631169,Friday,2024-11-22 11:00:00,2024-11-22 11:00:00,35.49,33.28,3.0,67,17,801,few clouds,2024-11-22 11:00:00
2024-11-22 12:45:00,6J,LARCENY- OTHER      ,I,NORTHERN,39.315622,-76.622802,Friday,2024-11-22 12:00:00,2024-11-22 12:00:00,35.51,35.51,1.01,66,57,803,broken clouds,2024-11-22 12:00:00
2024-11-22 14:00:00,3C,ROBBERY - COMMERCIAL,I,NORTHEAST,39.328551,-76.600495,Friday,2024-11-22 14:00:00,2024-11-22 14:00:00,38.17,32.36,8.01,66,88,804,overcast clouds,2024-11-22 14:00:00
2024-11-22 14:00:00,3A,ROBBERY,I,NORTHEAST,39.328551,-76.600495,Friday,2024-11-22 14:00:00,2024-11-22 14:00:00,38.17,32.36,8.01,66,88,804,overcast clouds,2024-11-22 14:00:00
2024-11-22 16:00:00,7A,AUTO THEFT,O,NORTHERN,39.335611,-76.628388,Friday,2024-11-22 16:00:00,2024-11-22 16:00:00,35.64,31.33,5.01,90,100,500,light rain,2024-11-22 16:00:00
2024-11-22 18:00:00,6F,LARCENY FROM AUTO,O,NORTHERN,39.334089,-76.647761,Friday,2024-11-22 18:00:00,2024-11-22 18:00:00,36.39,29.17,10.0,92,100,500,light rain,2024-11-22 18:00:00
2024-11-22 18:50:00,4E,COMMON ASSAULT,I,NORTHERN,39.3325706615797,-76.63905000343529,Friday,2024-11-22 18:00:00,2024-11-22 18:00:00,36.39,29.17,10.0,92,100,500,light rain,2024-11-22 18:00:00
2024-11-22 18:50:00,4A,AGG. ASSAULT - GUN,I,NORTHERN,39.3325706615797,-76.63905000343529,Friday,2024-11-22 18:00:00,2024-11-22 18:00:00,36.39,29.17,10.0,92,100,500,light rain,2024-11-22 18:00:00
2024-11-23 01:00:00,6F,LARCENY FROM AUTO,O,EASTERN,39.310651,-76.593717,Saturday,2024-11-23 01:00:00,2024-11-23 01:00:00,38.01,34.12,5.01,92,100,501,moderate rain,2024-11-23 01:00:00
2024-11-23 03:00:00,3A,ROBBERY,O,WESTERN,39.314173,-76.645812,Saturday,2024-11-23 03:00:00,2024-11-23 03:00:00,38.8,34.34,5.99,91,100,500,light rain,2024-11-23 03:00:00
2024-11-23 04:32:00,6C,LARCENY- SHOPLIFTING,I,NORTHERN,39.332177,-76.628007,Saturday,2024-11-23 04:00:00,2024-11-23 04:00:00,39.63,36.9,4.0,89,100,500,light rain,2024-11-23 04:00:00
2024-11-23 05:15:00,6C,LARCENY- SHOPLIFTING,I,NORTHERN,39.331203,-76.631536,Saturday,2024-11-23 05:00:00,2024-11-23 05:00:00,40.3,37.65,4.0,87,13,801,few clouds,2024-11-23 05:00:00
2024-11-23 08:00:00,6F,LARCENY FROM AUTO,I,EASTERN,39.309148,-76.612212,Saturday,2024-11-23 08:00:00,2024-11-23 08:00:00,39.88,36.32,5.01,87,32,500,light rain,2024-11-23 08:00:00
2024-11-23 13:00:00,6J,LARCENY- OTHER      ,O,NORTHERN,39.326987,-76.6158,Saturday,2024-11-23 13:00:00,2024-11-23 13:00:00,40.33,38.75,3.0,79,5,800,sky is clear,2024-11-23 13:00:00
2024-11-23 13:03:00,6C,LARCENY- SHOPLIFTING,I,NORTHERN,39.337532,-76.634497,Saturday,2024-11-23 13:00:00,2024-11-23 13:00:00,40.33,38.75,3.0,79,5,800,sky is clear,2024-11-23 13:00:00
2024-11-23 14:20:00,6J,LARCENY- OTHER      ,O,NORTHERN,39.332669,-76.635531,Saturday,2024-11-23 14:00:00,2024-11-23 14:00:00,44.89,41.58,5.99,66,13,801,few clouds,2024-11-23 14:00:00
2024-11-23 16:11:00,3C,ROBBERY - COMMERCIAL,O,WESTERN,39.310973,-76.646352,Saturday,2024-11-23 16:00:00,2024-11-23 16:00:00,50.0,46.38,8.99,58,13,801,few clouds,2024-11-23 16:00:00
2024-11-23 16:11:00,3A,ROBBERY,O,WESTERN,39.310973,-76.646352,Saturday,2024-11-23 16:00:00,2024-11-23 16:00:00,50.0,46.38,8.99,58,13,801,few clouds,2024-11-23 16:00:00
2024-11-23 18:00:00,7A,AUTO THEFT,O,WESTERN,39.312729,-76.642089,Saturday,2024-11-23 18:00:00,2024-11-23 18:00:00,52.72,50.32,11.99,56,100,804,overcast clouds,2024-11-23 18:00:00
2024-11-23 18:07:00,6J,LARCENY- OTHER      ,I,NORTHERN,39.323875,-76.627931,Saturday,2024-11-23 18:00:00,2024-11-23 18:00:00,52.72,50.32,11.99,56,100,804,overcast clouds,2024-11-23 18:00:00
2024-11-23 19:03:00,6J,LARCENY- OTHER      ,O,WESTERN,39.310285,-76.635816,Saturday,2024-11-23 19:00:00,2024-11-23 19:00:00,53.29,51.01,8.99,57,100,804,overcast clouds,2024-11-23 19:00:00
2024-11-23 20:30:00,7A,AUTO THEFT,O,NORTHEAST,39.332159,-76.599343,Saturday,2024-11-23 20:00:00,2024-11-23 20:00:00,52.79,50.45,5.99,57,100,804,overcast clouds,2024-11-23 20:00:00
2024-11-23 21:20:00,4A,AGG. ASSAULT - GUN,O,NORTHERN,39.331215,-76.631309,Saturday,2024-11-23 21:00:00,2024-11-23 21:00:00,52.0,50.0,8.99,66,100,804,overcast clouds,2024-11-23 21:00:00
2024-11-23 21:20:00,4A,AGG. ASSAULT - GUN,O,NORTHERN,39.331215,-76.631309,Saturday,2024-11-23 21:00:00,2024-11-23 21:00:00,52.0,50.0,8.99,66,100,804,overcast clouds,2024-11-23 21:00:00
2024-11-23 21:20:00,4A,AGG. ASSAULT - GUN,O,NORTHERN,39.331215,-76.631309,Saturday,2024-11-23 21:00:00,2024-11-23 21:00:00,52.0,50.0,8.99,66,100,804,overcast clouds,2024-11-23 21:00:00
2024-11-23 21:20:00,4A,AGG. ASSAULT - GUN,O,NORTHERN,39.331215,-76.631309,Saturday,2024-11-23 21:00:00,2024-11-23 21:00:00,52.0,50.0,8.99,66,100,804,overcast clouds,2024-11-23 21:00:00
2024-11-24 00:15:00,4A,AGG. ASSAULT - GUN,O,WESTERN,39.311004,-76.64051,Sunday,2024-11-24 00:00:00,2024-11-24 00:00:00,51.3,49.14,1.99,64,100,500,light rain,2024-11-24 00:00:00
2024-11-24 00:23:00,3C,ROBBERY - COMMERCIAL,I,EASTERN,39.311166,-76.618115,Sunday,2024-11-24 00:00:00,2024-11-24 00:00:00,51.3,49.14,1.99,64,100,500,light rain,2024-11-24 00:00:00
2024-11-24 00:23:00,3A,ROBBERY,I,EASTERN,39.311166,-76.618115,Sunday,2024-11-24 00:00:00,2024-11-24 00:00:00,51.3,49.14,1.99,64,100,500,light rain,2024-11-24 00:00:00
2024-11-24 00:45:00,4A,AGG. ASSAULT - GUN,I,EASTERN,39.309298,-76.61772,Sunday,2024-11-24 00:00:00,2024-11-24 00:00:00,51.3,49.14,1.99,64,100,500,light rain,2024-11-24 00:00:00
2024-11-24 01:08:00,4E,COMMON ASSAULT,I,NORTHERN,39.323033,-76.609515,Sunday,2024-11-24 01:00:00,2024-11-24 01:00:00,49.87,48.72,4.0,68,100,500,light rain,2024-11-24 01:00:00
2024-11-24 01:25:00,7A,AUTO THEFT,O,NORTHERN,39.337252,-76.607482,Sunday,2024-11-24 01:00:00,2024-11-24 01:00:00,49.87,48.72,4.0,68,100,500,light rain,2024-11-24 01:00:00
2024-11-24 01:30:00,4E,COMMON ASSAULT,I,EASTERN,39.308549,-76.595776,Sunday,2024-11-24 01:00:00,2024-11-24 01:00:00,49.87,48.72,4.0,68,100,500,light rain,2024-11-24 01:00:00
2024-11-24 01:34:00,4E,COMMON ASSAULT,I,EASTERN,39.309416,-76.600839,Sunday,2024-11-24 01:00:00,2024-11-24 01:00:00,49.87,48.72,4.0,68,100,500,light rain,2024-11-24 01:00:00
2024-11-24 03:45:00,7A,AUTO THEFT,I,EASTERN,39.312394,-76.610816,Sunday,2024-11-24 03:00:00,2024-11-24 03:00:00,49.33,48.92,3.0,68,100,804,overcast clouds,2024-11-24 03:00:00
2024-11-24 08:30:00,4A,AGG. ASSAULT - GUN,I,NORTHERN,39.321395,-76.612604,Sunday,2024-11-24 08:00:00,2024-11-24 08:00:00,48.06,48.06,1.01,70,100,804,overcast clouds,2024-11-24 08:00:00
2024-11-24 10:00:00,5A,BURGLARY,I,EASTERN,39.315141,-76.596631,Sunday,2024-11-24 10:00:00,2024-11-24 10:00:00,48.85,48.85,1.01,70,100,804,overcast clouds,2024-11-24 10:00:00
2024-11-24 10:06:00,4E,COMMON ASSAULT,I,NORTHERN,39.328853,-76.611746,Sunday,2024-11-24 10:00:00,2024-11-24 10:00:00,48.85,48.85,1.01,70,100,804,overcast clouds,2024-11-24 10:00:00
2024-11-24 14:00:00,4E,COMMON ASSAULT,I,EASTERN,39.31215,-76.617032,Sunday,2024-11-24 14:00:00,2024-11-24 14:00:00,47.64,45.45,5.01,71,100,804,overcast clouds,2024-11-24 14:00:00
2024-11-24 15:30:00,6J,LARCENY- OTHER      ,I,NORTHERN,39.340273,-76.609476,Sunday,2024-11-24 15:00:00,2024-11-24 15:00:00,51.58,49.41,3.0,63,100,804,overcast clouds,2024-11-24 15:00:00
2024-11-24 16:32:00,6J,LARCENY- OTHER      ,O,NORTHERN,39.337532,-76.634497,Sunday,2024-11-24 16:00:00,2024-11-24 16:00:00,53.78,51.53,4.0,57,100,804,overcast clouds,2024-11-24 16:00:00
2024-11-24 17:30:00,7A,AUTO THEFT,O,NORTHEAST,39.348028,-76.598823,Sunday,2024-11-24 17:00:00,2024-11-24 17:00:00,53.78,51.53,1.99,57,38,802,scattered clouds,2024-11-24 17:00:00
2024-11-24 20:00:00,6F,LARCENY FROM AUTO,O,NORTHERN,39.341394,-76.627044,Sunday,2024-11-24 20:00:00,2024-11-24 20:00:00,57.04,54.88,1.99,52,28,802,scattered clouds,2024-11-24 20:00:00
2024-11-24 21:00:00,4A,AGG. ASSAULT - GUN,I,WESTERN,39.31357,-76.641485,Sunday,2024-11-24 21:00:00,2024-11-24 21:00:00,55.22,52.99,1.01,54,28,802,scattered clouds,2024-11-24 21:00:00
2024-11-25 00:00:00,6F,LARCENY FROM AUTO,O,NORTHEAST,39.350953,-76.594542,Monday,2024-11-25 00:00:00,2024-11-25 00:00:00,48.58,48.58,1.01,70,20,801,few clouds,2024-11-25 00:00:00
2024-11-25 00:03:00,4A,AGG. ASSAULT - GUN,I,WESTERN,39.3137,-76.630678,Monday,2024-11-25 00:00:00,2024-11-25 00:00:00,48.58,48.58,1.01,70,20,801,few clouds,2024-11-25 00:00:00
2024-11-25 04:15:00,6C,LARCENY- SHOPLIFTING,I,NORTHERN,39.331203,-76.631536,Monday,2024-11-25 04:00:00,2024-11-25 04:00:00,41.74,37.89,5.91,79,20,801,few clouds,2024-11-25 04:00:00
2024-11-25 04:45:00,6C,LARCENY- SHOPLIFTING,I,NORTHERN,39.332177,-76.628007,Monday,2024-11-25 04:00:00,2024-11-25 04:00:00,41.74,37.89,5.91,79,20,801,few clouds,2024-11-25 04:00:00
2024-11-25 10:20:00,4E,COMMON ASSAULT,I,NORTHERN,39.320806,-76.614484,Monday,2024-11-25 10:00:00,2024-11-25 10:00:00,42.71,42.71,1.86,70,100,804,overcast clouds,2024-11-25 10:00:00
2024-11-25 14:00:00,6J,LARCENY- OTHER      ,I,NORTHERN,39.345318,-76.610599,Monday,2024-11-25 14:00:00,2024-11-25 14:00:00,45.23,43.18,4.23,80,5,800,sky is clear,2024-11-25 14:00:00
2024-11-25 14:30:00,4A,AGG. ASSAULT - GUN,O,EASTERN,39.316299,-76.60955,Monday,2024-11-25 14:00:00,2024-11-25 14:00:00,45.23,43.18,4.23,80,5,800,sky is clear,2024-11-25 14:00:00
2024-11-25 15:30:00,7A,AUTO THEFT,O,NORTHERN,39.322023,-76.61305,Monday,2024-11-25 15:00:00,2024-11-25 15:00:00,49.59,49.59,1.01,66,5,800,sky is clear,2024-11-25 15:00:00
2024-11-25 16:11:00,6C,LARCENY- SHOPLIFTING,I,WESTERN,39.310233,-76.642609,Monday,2024-11-25 16:00:00,2024-11-25 16:00:00,52.29,49.8,1.01,55,5,800,sky is clear,2024-11-25 16:00:00
2024-11-25 22:22:00,6J,LARCENY- OTHER      ,I,EASTERN,39.309406,-76.602553,Monday,2024-11-25 22:00:00,2024-11-25 22:00:00,53.37,51.28,1.01,61,36,802,scattered clouds,2024-11-25 22:00:00
2024-11-26 01:20:00,4E,COMMON ASSAULT,I,EASTERN,39.309761,-76.59518,Tuesday,2024-11-26 01:00:00,2024-11-26 01:00:00,51.96,50.11,5.21,69,100,804,overcast clouds,2024-11-26 01:00:00
2024-11-26 01:30:00,4E,COMMON ASSAULT,I,NORTHERN,39.320694,-76.617257,Tuesday,2024-11-26 01:00:00,2024-11-26 01:00:00,51.96,50.11,5.21,69,100,804,overcast clouds,2024-11-26 01:00:00
2024-11-26 10:30:00,7A,AUTO THEFT,O,EASTERN,39.323917,-76.594772,Tuesday,2024-11-26 10:00:00,2024-11-26 10:00:00,49.17,47.68,4.34,91,100,804,overcast clouds,2024-11-26 10:00:00
2024-11-26 10:30:00,7A,AUTO THEFT,I,NORTHERN,39.331877,-76.633942,Tuesday,2024-11-26 10:00:00,2024-11-26 10:00:00,49.17,47.68,4.34,91,100,804,overcast clouds,2024-11-26 10:00:00
2024-11-26 15:00:00,6J,LARCENY- OTHER      ,I,EASTERN,39.320981,-76.599353,Tuesday,2024-11-26 15:00:00,2024-11-26 15:00:00,55.44,54.57,3.0,83,98,500,light rain,2024-11-26 15:00:00
2024-11-26 16:11:00,3A,ROBBERY,I,NORTHERN,39.325184,-76.605127,Tuesday,2024-11-26 16:00:00,2024-11-26 16:00:00,60.69,59.7,8.01,69,98,500,light rain,2024-11-26 16:00:00
2024-11-26 17:00:00,7A,AUTO THEFT,O,NORTHEAST,39.330169,-76.599146,Tuesday,2024-11-26 17:00:00,2024-11-26 17:00:00,60.89,59.36,15.01,57,0,500,light rain,2024-11-26 17:00:00
2024-11-26 17:03:00,7A,AUTO THEFT,O,NORTHERN,39.3271791030346,-76.61097820996315,Tuesday,2024-11-26 17:00:00,2024-11-26 17:00:00,60.89,59.36,15.01,57,0,500,light rain,2024-11-26 17:00:00
2024-11-26 17:30:00,4A,AGG. ASSAULT - GUN,O,EASTERN,39.313706,-76.607183,Tuesday,2024-11-26 17:00:00,2024-11-26 17:00:00,60.89,59.36,15.01,57,0,500,light rain,2024-11-26 17:00:00
2024-11-26 18:00:00,4E,COMMON ASSAULT,O,NORTHERN,39.33748,-76.634275,Tuesday,2024-11-26 18:00:00,2024-11-26 18:00:00,62.2,60.53,10.0,51,0,800,sky is clear,2024-11-26 18:00:00
2024-11-26 18:32:00,6C,LARCENY- SHOPLIFTING,I,NORTHERN,39.331018,-76.633124,Tuesday,2024-11-26 18:00:00,2024-11-26 18:00:00,62.2,60.53,10.0,51,0,800,sky is clear,2024-11-26 18:00:00
2024-11-26 18:40:00,6J,LARCENY- OTHER      ,O,NORTHERN,39.319616,-76.619768,Tuesday,2024-11-26 18:00:00,2024-11-26 18:00:00,62.2,60.53,10.0,51,0,800,sky is clear,2024-11-26 18:00:00
2024-11-26 18:40:00,6J,LARCENY- OTHER      ,O,NORTHERN,39.319616,-76.619768,Tuesday,2024-11-26 18:00:00,2024-11-26 18:00:00,62.2,60.53,10.0,51,0,800,sky is clear,2024-11-26 18:00:00
2024-11-26 19:25:00,3C,ROBBERY - COMMERCIAL,I,NORTHERN,39.331018,-76.633124,Tuesday,2024-11-26 19:00:00,2024-11-26 19:00:00,62.51,60.67,4.0,47,0,800,sky is clear,2024-11-26 19:00:00
2024-11-26 19:25:00,3A,ROBBERY,I,NORTHERN,39.331018,-76.633124,Tuesday,2024-11-26 19:00:00,2024-11-26 19:00:00,62.51,60.67,4.0,47,0,800,sky is clear,2024-11-26 19:00:00
2024-11-26 19:52:00,6J,LARCENY- OTHER      ,I,NORTHEAST,39.349845,-76.599031,Tuesday,2024-11-26 19:00:00,2024-11-26 19:00:00,62.51,60.67,4.0,47,0,800,sky is clear,2024-11-26 19:00:00
2024-11-26 21:15:00,6C,LARCENY- SHOPLIFTING,I,NORTHERN,39.341186,-76.63962,Tuesday,2024-11-26 21:00:00,2024-11-26 21:00:00,56.44,53.76,10.96,42,33,802,scattered clouds,2024-11-26 21:00:00
2024-11-26 21:15:00,6C,LARCENY- SHOPLIFTING,I,NORTHERN,39.341186,-76.63962,Tuesday,2024-11-26 21:00:00,2024-11-26 21:00:00,56.44,53.76,10.96,42,33,802,scattered clouds,2024-11-26 21:00:00
2024-11-26 23:25:00,6C,LARCENY- SHOPLIFTING,I,NORTHERN,39.32458,-76.617346,Tuesday,2024-11-26 23:00:00,2024-11-26 23:00:00,53.19,50.47,1.01,48,0,500,light rain,2024-11-26 23:00:00
2024-11-27 01:20:00,3C,ROBBERY - COMMERCIAL,O,NORTHERN,39.337831,-76.636468,Wednesday,2024-11-27 01:00:00,2024-11-27 01:00:00,45.86,45.86,1.01,62,0,800,sky is clear,2024-11-27 01:00:00
2024-11-27 01:20:00,3A,ROBBERY,O,NORTHERN,39.337831,-76.636468,Wednesday,2024-11-27 01:00:00,2024-11-27 01:00:00,45.86,45.86,1.01,62,0,800,sky is clear,2024-11-27 01:00:00
2024-11-27 02:00:00,6F,LARCENY FROM AUTO,O,EASTERN,39.310578,-76.598445,Wednesday,2024-11-27 02:00:00,2024-11-27 02:00:00,41.9,38.68,5.03,72,2,800,sky is clear,2024-11-27 02:00:00
2024-11-27 04:30:00,4E,COMMON ASSAULT,I,NORTHERN,39.332976,-76.606826,Wednesday,2024-11-27 04:00:00,2024-11-27 04:00:00,41.18,37.83,5.03,74,2,800,sky is clear,2024-11-27 04:00:00
2024-11-27 05:02:00,6C,LARCENY- SHOPLIFTING,I,NORTHERN,39.332177,-76.628007,Wednesday,2024-11-27 05:00:00,2024-11-27 05:00:00,41.18,37.38,5.68,76,87,804,overcast clouds,2024-11-27 05:00:00
2024-11-27 13:00:00,6J,LARCENY- OTHER      ,O,EASTERN,39.317921,-76.616344,Wednesday,2024-11-27 13:00:00,2024-11-27 13:00:00,42.39,39.45,4.76,65,36,802,scattered clouds,2024-11-27 13:00:00
2024-11-27 13:00:00,6J,LARCENY- OTHER      ,I,NORTHERN,39.351597,-76.607599,Wednesday,2024-11-27 13:00:00,2024-11-27 13:00:00,42.39,39.45,4.76,65,36,802,scattered clouds,2024-11-27 13:00:00
2024-11-27 15:30:00,6G,LARCENY- FROM BLDG. ,I,NORTHERN,39.313125,-76.620555,Wednesday,2024-11-27 15:00:00,2024-11-27 15:00:00,49.91,49.91,1.99,47,66,803,broken clouds,2024-11-27 15:00:00
2024-11-27 15:40:00,4A,AGG. ASSAULT - GUN,I,NORTHEAST,39.331813,-76.593185,Wednesday,2024-11-27 15:00:00,2024-11-27 15:00:00,49.91,49.91,1.99,47,66,803,broken clouds,2024-11-27 15:00:00
2024-11-27 16:30:00,6J,LARCENY- OTHER      ,I,NORTHERN,39.330661,-76.639385,Wednesday,2024-11-27 16:00:00,2024-11-27 16:00:00,51.62,48.42,1.01,41,66,803,broken clouds,2024-11-27 16:00:00
2024-11-27 18:15:00,6J,LARCENY- OTHER      ,I,WESTERN,39.310761,-76.634386,Wednesday,2024-11-27 18:00:00,2024-11-27 18:00:00,55.29,52.27,1.01,37,100,804,overcast clouds,2024-11-27 18:00:00
2024-11-27 18:45:00,6F,LARCENY FROM AUTO,O,NORTHERN,39.324679,-76.627868,Wednesday,2024-11-27 18:00:00,2024-11-27 18:00:00,55.29,52.27,1.01,37,100,804,overcast clouds,2024-11-27 18:00:00
2024-11-27 19:00:00,5A,BURGLARY,I,NORTHERN,39.319682,-76.622737,Wednesday,2024-11-27 19:00:00,2024-11-27 19:00:00,56.05,53.04,1.01,36,100,804,overcast clouds,2024-11-27 19:00:00
2024-11-27 21:00:00,6J,LARCENY- OTHER      ,I,NORTHERN,39.320508,-76.619115,Wednesday,2024-11-27 21:00:00,2024-11-27 21:00:00,52.34,49.77,1.01,53,100,804,overcast clouds,2024-11-27 21:00:00
2024-11-27 21:30:00,6D,LARCENY- FROM AUTO  ,I,EASTERN,39.31376,-76.596826,Wednesday,2024-11-27 21:00:00,2024-11-27 21:00:00,52.34,49.77,1.01,53,100,804,overcast clouds,2024-11-27 21:00:00
2024-11-27 22:35:00,4E,COMMON ASSAULT,I,EASTERN,39.316197,-76.600497,Wednesday,2024-11-27 22:00:00,2024-11-27 22:00:00,50.22,47.66,5.41,58,100,804,overcast clouds,2024-11-27 22:00:00
2024-11-27 23:00:00,6G,LARCENY- FROM BLDG. ,O,NORTHERN,39.31623284520337,-76.62856940891292,Wednesday,2024-11-27 23:00:00,2024-11-27 23:00:00,49.32,47.75,4.47,62,100,500,light rain,2024-11-27 23:00:00
